Grid_txt,Latitude,Longitude
1,38.7461,-78.668
2,38.7457,-78.6495
3,38.762,-78.7416
4,38.7617,-78.7231
5,38.7613,-78.7046
6,38.7609,-78.6861
7,38.7606,-78.6676
8,38.7602,-78.6491
9,38.7598,-78.6306
10,38.7769,-78.7597
11,38.7765,-78.7411
12,38.7762,-78.7226
13,38.7758,-78.7041
14,38.7754,-78.6856
15,38.7751,-78.6671
16,38.7747,-78.6486
17,38.7743,-78.6301
18,38.7739,-78.6116
19,38.7914,-78.7592
20,38.791,-78.7407
21,38.7906,-78.7222
22,38.7903,-78.7037
23,38.7899,-78.6851
24,38.7895,-78.6666
25,38.7892,-78.6481
26,38.7888,-78.6296
27,38.7884,-78.6111
28,38.8066,-78.7958
29,38.8062,-78.7773
30,38.8059,-78.7588
31,38.8055,-78.7402
32,38.8051,-78.7217
33,38.8048,-78.7032
34,38.8044,-78.6847
35,38.804,-78.6662
36,38.8037,-78.6476
37,38.8033,-78.6291
38,38.8029,-78.6106
39,38.8025,-78.5921
40,38.821,-78.7953
41,38.8207,-78.7768
42,38.8203,-78.7583
43,38.82,-78.7398
44,38.8196,-78.7213
45,38.8193,-78.7027
46,38.8189,-78.6842
47,38.8185,-78.6657
48,38.8182,-78.6472
49,38.8178,-78.6286
50,38.8174,-78.6101
51,38.817,-78.5916
52,38.8352,-78.7764
53,38.8348,-78.7578
54,38.8345,-78.7393
55,38.8341,-78.7208
56,38.8338,-78.7023
57,38.8334,-78.6837
58,38.833,-78.6652
59,38.8326,-78.6467
60,38.8323,-78.6282
61,38.8319,-78.6096
62,38.8315,-78.5911
63,38.8311,-78.5726
64,38.85,-78.7945
65,38.8497,-78.7759
66,38.8493,-78.7574
67,38.849,-78.7389
68,38.8486,-78.7203
69,38.8482,-78.7018
70,38.8479,-78.6833
71,38.8475,-78.6647
72,38.8471,-78.6462
73,38.8468,-78.6277
74,38.8464,-78.6091
75,38.846,-78.5906
76,38.8456,-78.5721
77,38.8452,-78.5536
78,38.8448,-78.535
79,38.8649,-78.8125
80,38.8645,-78.794
81,38.8642,-78.7755
82,38.8638,-78.7569
83,38.8635,-78.7384
84,38.8631,-78.7199
85,38.8627,-78.7013
86,38.8624,-78.6828
87,38.862,-78.6643
88,38.8616,-78.6457
89,38.8613,-78.6272
90,38.8609,-78.6087
91,38.8605,-78.5901
92,38.8601,-78.5716
93,38.8597,-78.5531
94,38.8593,-78.5345
95,38.879,-78.7936
96,38.8787,-78.775
97,38.8783,-78.7565
98,38.878,-78.7379
99,38.8776,-78.7194
100,38.8772,-78.7009
101,38.8769,-78.6823
102,38.8765,-78.6638
103,38.8761,-78.6452
104,38.8757,-78.6267
105,38.8754,-78.6082
106,38.875,-78.5896
107,38.8746,-78.5711
108,38.8742,-78.5526
109,38.8738,-78.534
110,38.8734,-78.5155
111,38.8935,-78.7931
112,38.8932,-78.7746
113,38.8928,-78.756
114,38.8924,-78.7375
115,38.8921,-78.7189
116,38.8917,-78.7004
117,38.8914,-78.6819
118,38.891,-78.6633
119,38.8906,-78.6448
120,38.8902,-78.6262
121,38.8899,-78.6077
122,38.8895,-78.5891
123,38.8891,-78.5706
124,38.8887,-78.5521
125,38.8883,-78.5335
126,38.8879,-78.515
127,38.9073,-78.7556
128,38.9069,-78.737
129,38.9066,-78.7185
130,38.9062,-78.6999
131,38.9058,-78.6814
132,38.9055,-78.6628
133,38.9051,-78.6443
134,38.9047,-78.6257
135,38.9043,-78.6072
136,38.904,-78.5887
137,38.9036,-78.5701
138,38.9032,-78.5516
139,38.9028,-78.533
140,38.9024,-78.5145
141,38.902,-78.4959
142,38.9218,-78.7551
143,38.9214,-78.7366
144,38.9211,-78.718
145,38.9207,-78.6995
146,38.9203,-78.6809
147,38.92,-78.6624
148,38.9196,-78.6438
149,38.9192,-78.6253
150,38.9188,-78.6067
151,38.9185,-78.5882
152,38.9181,-78.5696
153,38.9177,-78.5511
154,38.9173,-78.5325
155,38.9169,-78.514
156,38.9165,-78.4954
157,38.9359,-78.7361
158,38.9356,-78.7175
159,38.9348,-78.6804
160,38.9345,-78.6619
161,38.9341,-78.6433
162,38.9337,-78.6248
163,38.9333,-78.6062
164,38.9329,-78.5877
165,38.9326,-78.5691
166,38.9322,-78.5506
167,38.9318,-78.532
168,38.9314,-78.5135
169,38.931,-78.4949
170,38.9306,-78.4764
171,38.9489,-78.6614
172,38.9486,-78.6429
173,38.9482,-78.6243
174,38.9478,-78.6057
175,38.9474,-78.5872
176,38.947,-78.5686
177,38.9467,-78.5501
178,38.9463,-78.5315
179,38.9459,-78.513
180,38.9455,-78.4944
181,38.9451,-78.4759
182,38.9447,-78.4573
183,38.9634,-78.6609
184,38.9631,-78.6424
185,38.9627,-78.6238
186,38.9623,-78.6053
187,38.9619,-78.5867
188,38.9615,-78.5681
189,38.9611,-78.5496
190,38.9608,-78.531
191,38.9604,-78.5125
192,38.96,-78.4939
193,38.9596,-78.4753
194,38.9592,-78.4568
195,38.9588,-78.4382
196,38.9776,-78.6419
197,38.9772,-78.6233
198,38.9768,-78.6048
199,38.9764,-78.5862
200,38.976,-78.5676
201,38.9756,-78.5491
202,38.9752,-78.5305
203,38.9749,-78.512
204,38.9745,-78.4934
205,38.9741,-78.4748
206,38.9737,-78.4563
207,38.9732,-78.4377
208,38.9728,-78.4192
209,38.9909,-78.5857
210,38.9905,-78.5671
211,38.9901,-78.5486
212,38.9897,-78.53
213,38.9893,-78.5114
214,38.9889,-78.4929
215,38.9885,-78.4743
216,38.9881,-78.4558
217,38.9877,-78.4372
218,38.9873,-78.4186
219,38.9869,-78.4001
220,38.9727,-77.8248
221,38.9722,-77.8063
222,38.9716,-77.7877
223,38.9711,-77.7692
224,38.9706,-77.7506
225,38.9701,-77.7321
226,38.9696,-77.7135
227,38.9691,-77.695
228,38.9685,-77.6764
229,38.968,-77.6579
230,38.9675,-77.6393
231,38.9669,-77.6208
232,39.005,-78.5667
233,39.0046,-78.5481
234,39.0042,-78.5295
235,39.0038,-78.5109
236,39.0034,-78.4924
237,39.003,-78.4738
238,39.0026,-78.4552
239,39.0022,-78.4367
240,39.0018,-78.4181
241,39.0014,-78.3995
242,39.001,-78.381
243,38.9997,-78.3253
244,38.9993,-78.3067
245,38.9891,-77.8984
246,38.9886,-77.8798
247,38.9881,-77.8613
248,38.9876,-77.8427
249,38.9871,-77.8242
250,38.9866,-77.8056
251,38.9861,-77.7871
252,38.9856,-77.7685
253,38.9851,-77.75
254,38.9846,-77.7314
255,38.9841,-77.7129
256,38.9835,-77.6943
257,38.983,-77.6758
258,38.9825,-77.6572
259,38.9819,-77.6387
260,38.9814,-77.6201
261,39.0195,-78.5662
262,39.0191,-78.5476
263,39.0187,-78.529
264,39.0183,-78.5104
265,39.0179,-78.4919
266,39.0175,-78.4733
267,39.0171,-78.4547
268,39.0167,-78.4361
269,39.0163,-78.4176
270,39.0159,-78.399
271,39.0155,-78.3804
272,39.015,-78.3619
273,39.0146,-78.3433
274,39.0142,-78.3247
275,39.0138,-78.3062
276,39.0133,-78.2876
277,39.0051,-77.9534
278,39.0046,-77.9349
279,39.0041,-77.9163
280,39.0036,-77.8978
281,39.0031,-77.8792
282,39.0026,-77.8606
283,39.0021,-77.8421
284,39.0016,-77.8235
285,39.0011,-77.805
286,39.0006,-77.7864
287,39.0001,-77.7678
288,38.9996,-77.7493
289,38.9991,-77.7307
290,38.9985,-77.7122
291,38.998,-77.6936
292,38.9975,-77.6751
293,38.997,-77.6565
294,38.9964,-77.638
295,38.9959,-77.6194
296,39.034,-78.5657
297,39.0336,-78.5471
298,39.0332,-78.5285
299,39.0328,-78.5099
300,39.0324,-78.4913
301,39.032,-78.4728
302,39.0316,-78.4542
303,39.0312,-78.4356
304,39.0308,-78.417
305,39.0304,-78.3985
306,39.03,-78.3799
307,39.0295,-78.3613
308,39.0291,-78.3428
309,39.0287,-78.3242
310,39.0283,-78.3056
311,39.0278,-78.287
312,39.0274,-78.2685
313,39.0201,-77.9714
314,39.0196,-77.9528
315,39.0191,-77.9342
316,39.0186,-77.9157
317,39.0181,-77.8971
318,39.0176,-77.8786
319,39.0171,-77.86
320,39.0166,-77.8414
321,39.0161,-77.8229
322,39.0156,-77.8043
323,39.0151,-77.7858
324,39.0146,-77.7672
325,39.0141,-77.7486
326,39.0135,-77.7301
327,39.013,-77.7115
328,39.0125,-77.693
329,39.012,-77.6744
330,39.0114,-77.6558
331,39.0109,-77.6373
332,39.0104,-77.6187
333,39.0485,-78.5652
334,39.0481,-78.5466
335,39.0477,-78.528
336,39.0473,-78.5094
337,39.0469,-78.4908
338,39.0465,-78.4723
339,39.0461,-78.4537
340,39.0457,-78.4351
341,39.0453,-78.4165
342,39.0449,-78.3979
343,39.0444,-78.3794
344,39.044,-78.3608
345,39.0436,-78.3422
346,39.0432,-78.3236
347,39.0427,-78.3051
348,39.0423,-78.2865
349,39.0419,-78.2679
350,39.0414,-78.2493
351,39.0355,-78.0079
352,39.035,-77.9893
353,39.0345,-77.9708
354,39.0341,-77.9522
355,39.0336,-77.9336
356,39.0331,-77.915
357,39.0326,-77.8965
358,39.0321,-77.8779
359,39.0316,-77.8594
360,39.0311,-77.8408
361,39.0306,-77.8222
362,39.0301,-77.8037
363,39.0296,-77.7851
364,39.0291,-77.7665
365,39.0285,-77.748
366,39.028,-77.7294
367,39.0275,-77.7108
368,39.027,-77.6923
369,39.0264,-77.6737
370,39.0259,-77.6552
371,39.0254,-77.6366
372,39.0248,-77.618
373,39.0626,-78.5461
374,39.0622,-78.5275
375,39.0618,-78.5089
376,39.0614,-78.4903
377,39.061,-78.4717
378,39.0606,-78.4532
379,39.0602,-78.4346
380,39.0598,-78.416
381,39.0593,-78.3974
382,39.0589,-78.3788
383,39.0585,-78.3602
384,39.0581,-78.3417
385,39.0577,-78.3231
386,39.0572,-78.3045
387,39.0568,-78.2859
388,39.0564,-78.2673
389,39.0559,-78.2488
390,39.0555,-78.2302
391,39.0509,-78.0444
392,39.0505,-78.0259
393,39.05,-78.0073
394,39.0495,-77.9887
395,39.049,-77.9701
396,39.0485,-77.9516
397,39.048,-77.933
398,39.0476,-77.9144
399,39.0471,-77.8959
400,39.0466,-77.8773
401,39.0461,-77.8587
402,39.0456,-77.8401
403,39.0451,-77.8216
404,39.0446,-77.803
405,39.044,-77.7844
406,39.0435,-77.7659
407,39.043,-77.7473
408,39.0425,-77.7287
409,39.042,-77.7102
410,39.0414,-77.6916
411,39.0409,-77.673
412,39.0404,-77.6545
413,39.0399,-77.6359
414,39.0393,-77.6173
415,39.0767,-78.527
416,39.0763,-78.5084
417,39.0759,-78.4898
418,39.0755,-78.4712
419,39.0751,-78.4526
420,39.0747,-78.434
421,39.0742,-78.4155
422,39.0738,-78.3969
423,39.0734,-78.3783
424,39.073,-78.3597
425,39.0726,-78.3411
426,39.0722,-78.3225
427,39.0717,-78.304
428,39.0713,-78.2854
429,39.0709,-78.2668
430,39.0704,-78.2482
431,39.07,-78.2296
432,39.0659,-78.0624
433,39.0654,-78.0438
434,39.0649,-78.0252
435,39.0645,-78.0067
436,39.064,-77.9881
437,39.0635,-77.9695
438,39.063,-77.9509
439,39.0625,-77.9324
440,39.062,-77.9138
441,39.0615,-77.8952
442,39.0611,-77.8766
443,39.0606,-77.8581
444,39.06,-77.8395
445,39.0595,-77.8209
446,39.059,-77.8024
447,39.0585,-77.7838
448,39.058,-77.7652
449,39.0575,-77.7466
450,39.057,-77.7281
451,39.0564,-77.7095
452,39.0559,-77.6909
453,39.0554,-77.6724
454,39.0549,-77.6538
455,39.0543,-77.6352
456,39.0538,-77.6167
457,39.0908,-78.5079
458,39.0904,-78.4893
459,39.09,-78.4707
460,39.0896,-78.4521
461,39.0891,-78.4335
462,39.0887,-78.4149
463,39.0883,-78.3963
464,39.0879,-78.3778
465,39.0875,-78.3592
466,39.0871,-78.3406
467,39.0866,-78.322
468,39.0862,-78.3034
469,39.0858,-78.2848
470,39.0853,-78.2662
471,39.0849,-78.2476
472,39.0845,-78.2291
473,39.084,-78.2105
474,39.0813,-78.099
475,39.0808,-78.0804
476,39.0804,-78.0618
477,39.0799,-78.0432
478,39.0794,-78.0246
479,39.0789,-78.0061
480,39.0785,-77.9875
481,39.078,-77.9689
482,39.0775,-77.9503
483,39.077,-77.9317
484,39.0765,-77.9132
485,39.076,-77.8946
486,39.0755,-77.876
487,39.075,-77.8574
488,39.0745,-77.8388
489,39.074,-77.8203
490,39.0735,-77.8017
491,39.073,-77.7831
492,39.0725,-77.7645
493,39.072,-77.746
494,39.0714,-77.7274
495,39.0709,-77.7088
496,39.0704,-77.6902
497,39.0699,-77.6717
498,39.0693,-77.6531
499,39.0688,-77.6345
500,39.0683,-77.616
501,39.1049,-78.4888
502,39.1044,-78.4702
503,39.104,-78.4516
504,39.1036,-78.433
505,39.1032,-78.4144
506,39.1028,-78.3958
507,39.1024,-78.3772
508,39.102,-78.3586
509,39.1015,-78.34
510,39.1011,-78.3214
511,39.1007,-78.3028
512,39.1003,-78.2843
513,39.0998,-78.2657
514,39.0994,-78.2471
515,39.0989,-78.2285
516,39.0985,-78.2099
517,39.0962,-78.117
518,39.0958,-78.0984
519,39.0953,-78.0798
520,39.0948,-78.0612
521,39.0944,-78.0426
522,39.0939,-78.024
523,39.0934,-78.0054
524,39.0929,-77.9869
525,39.0925,-77.9683
526,39.092,-77.9497
527,39.0915,-77.9311
528,39.091,-77.9125
529,39.0905,-77.8939
530,39.09,-77.8754
531,39.0895,-77.8568
532,39.089,-77.8382
533,39.0885,-77.8196
534,39.088,-77.801
535,39.0875,-77.7825
536,39.087,-77.7639
537,39.0864,-77.7453
538,39.0859,-77.7267
539,39.0854,-77.7082
540,39.0849,-77.6896
541,39.0844,-77.671
542,39.0838,-77.6524
543,39.0833,-77.6338
544,39.0827,-77.6153
545,39.0822,-77.5967
546,39.0817,-77.5781
547,39.1189,-78.4697
548,39.1185,-78.4511
549,39.1181,-78.4325
550,39.1177,-78.4139
551,39.1173,-78.3953
552,39.1169,-78.3767
553,39.1165,-78.3581
554,39.116,-78.3395
555,39.1156,-78.3209
556,39.1152,-78.3023
557,39.1147,-78.2837
558,39.1143,-78.2651
559,39.1139,-78.2465
560,39.1134,-78.2279
561,39.113,-78.2093
562,39.1125,-78.1907
563,39.1107,-78.1164
564,39.1103,-78.0978
565,39.1098,-78.0792
566,39.1093,-78.0606
567,39.1089,-78.042
568,39.1084,-78.0234
569,39.1079,-78.0048
570,39.1074,-77.9862
571,39.1069,-77.9677
572,39.1065,-77.9491
573,39.106,-77.9305
574,39.1055,-77.9119
575,39.105,-77.8933
576,39.1045,-77.8747
577,39.104,-77.8561
578,39.1035,-77.8376
579,39.103,-77.819
580,39.1025,-77.8004
581,39.102,-77.7818
582,39.1014,-77.7632
583,39.1009,-77.7446
584,39.1004,-77.7261
585,39.0999,-77.7075
586,39.0994,-77.6889
587,39.0988,-77.6703
588,39.0983,-77.6517
589,39.0978,-77.6332
590,39.0972,-77.6146
591,39.0967,-77.596
592,39.0961,-77.5774
593,39.0956,-77.5588
594,39.095,-77.5403
595,39.133,-78.4505
596,39.1326,-78.4319
597,39.1322,-78.4133
598,39.1318,-78.3947
599,39.1314,-78.3761
600,39.1309,-78.3575
601,39.1305,-78.3389
602,39.1301,-78.3203
603,39.1297,-78.3017
604,39.1292,-78.2831
605,39.1288,-78.2645
606,39.1284,-78.2459
607,39.1279,-78.2273
608,39.1275,-78.2088
609,39.127,-78.1902
610,39.1266,-78.1716
611,39.1252,-78.1158
612,39.1247,-78.0972
613,39.1243,-78.0786
614,39.1238,-78.06
615,39.1233,-78.0414
616,39.1229,-78.0228
617,39.1224,-78.0042
618,39.1219,-77.9856
619,39.1214,-77.967
620,39.1209,-77.9484
621,39.1205,-77.9298
622,39.12,-77.9113
623,39.1195,-77.8927
624,39.119,-77.8741
625,39.1185,-77.8555
626,39.118,-77.8369
627,39.1175,-77.8183
628,39.117,-77.7997
629,39.1164,-77.7811
630,39.1159,-77.7626
631,39.1154,-77.744
632,39.1149,-77.7254
633,39.1144,-77.7068
634,39.1138,-77.6882
635,39.1133,-77.6696
636,39.1128,-77.651
637,39.1122,-77.6325
638,39.1117,-77.6139
639,39.1112,-77.5953
640,39.1106,-77.5767
641,39.1101,-77.5581
642,39.1095,-77.5396
643,39.1471,-78.4314
644,39.1467,-78.4128
645,39.1463,-78.3942
646,39.1459,-78.3756
647,39.1454,-78.357
648,39.145,-78.3384
649,39.1446,-78.3198
650,39.1441,-78.3012
651,39.1437,-78.2826
652,39.1433,-78.264
653,39.1428,-78.2454
654,39.1424,-78.2268
655,39.142,-78.2082
656,39.1415,-78.1896
657,39.1411,-78.171
658,39.1402,-78.1338
659,39.1397,-78.1152
660,39.1392,-78.0966
661,39.1388,-78.078
662,39.1383,-78.0594
663,39.1378,-78.0408
664,39.1374,-78.0222
665,39.1369,-78.0036
666,39.1364,-77.985
667,39.1359,-77.9664
668,39.1354,-77.9478
669,39.1349,-77.9292
670,39.1344,-77.9106
671,39.1339,-77.892
672,39.1335,-77.8734
673,39.133,-77.8549
674,39.1325,-77.8363
675,39.1319,-77.8177
676,39.1314,-77.7991
677,39.1309,-77.7805
678,39.1304,-77.7619
679,39.1299,-77.7433
680,39.1294,-77.7247
681,39.1288,-77.7061
682,39.1283,-77.6875
683,39.1278,-77.669
684,39.1273,-77.6504
685,39.1267,-77.6318
686,39.1262,-77.6132
687,39.1256,-77.5946
688,39.1251,-77.576
689,39.1245,-77.5574
690,39.124,-77.5388
691,39.1616,-78.4309
692,39.1612,-78.4123
693,39.1608,-78.3937
694,39.1603,-78.3751
695,39.1599,-78.3565
696,39.1595,-78.3379
697,39.1591,-78.3192
698,39.1586,-78.3006
699,39.1582,-78.282
700,39.1578,-78.2634
701,39.1573,-78.2448
702,39.1569,-78.2262
703,39.1564,-78.2076
704,39.156,-78.189
705,39.1555,-78.1704
706,39.1551,-78.1518
707,39.1546,-78.1332
708,39.1542,-78.1146
709,39.1537,-78.096
710,39.1532,-78.0774
711,39.1528,-78.0588
712,39.1523,-78.0402
713,39.1518,-78.0216
714,39.1514,-78.003
715,39.1509,-77.9844
716,39.1504,-77.9658
717,39.1499,-77.9472
718,39.1494,-77.9286
719,39.1489,-77.91
720,39.1484,-77.8914
721,39.1479,-77.8728
722,39.1474,-77.8542
723,39.1469,-77.8356
724,39.1464,-77.817
725,39.1459,-77.7984
726,39.1454,-77.7798
727,39.1449,-77.7612
728,39.1444,-77.7426
729,39.1438,-77.724
730,39.1433,-77.7055
731,39.1428,-77.6869
732,39.1423,-77.6683
733,39.1417,-77.6497
734,39.1412,-77.6311
735,39.1407,-77.6125
736,39.1401,-77.5939
737,39.1396,-77.5753
738,39.139,-77.5567
739,39.1385,-77.5381
740,39.1761,-78.4304
741,39.1757,-78.4118
742,39.1752,-78.3931
743,39.1748,-78.3745
744,39.1744,-78.3559
745,39.174,-78.3373
746,39.1736,-78.3187
747,39.1731,-78.3001
748,39.1727,-78.2815
749,39.1723,-78.2629
750,39.1718,-78.2443
751,39.1714,-78.2256
752,39.1709,-78.207
753,39.1705,-78.1884
754,39.17,-78.1698
755,39.1696,-78.1512
756,39.1691,-78.1326
757,39.1687,-78.114
758,39.1682,-78.0954
759,39.1677,-78.0768
760,39.1673,-78.0582
761,39.1668,-78.0396
762,39.1663,-78.021
763,39.1658,-78.0024
764,39.1654,-77.9838
765,39.1649,-77.9652
766,39.1644,-77.9466
767,39.1639,-77.928
768,39.1634,-77.9094
769,39.1629,-77.8908
770,39.1624,-77.8722
771,39.1609,-77.8164
772,39.1604,-77.7978
773,39.1599,-77.7792
774,39.1594,-77.7606
775,39.1588,-77.742
776,39.1583,-77.7234
777,39.1578,-77.7048
778,39.1573,-77.6862
779,39.1567,-77.6676
780,39.1562,-77.649
781,39.1557,-77.6304
782,39.1551,-77.6118
783,39.1546,-77.5932
784,39.154,-77.5746
785,39.1535,-77.556
786,39.1529,-77.5374
787,39.1906,-78.4298
788,39.1901,-78.4112
789,39.1897,-78.3926
790,39.1893,-78.374
791,39.1889,-78.3554
792,39.1885,-78.3368
793,39.188,-78.3181
794,39.1876,-78.2995
795,39.1872,-78.2809
796,39.1867,-78.2623
797,39.1863,-78.2437
798,39.1859,-78.2251
799,39.1854,-78.2065
800,39.185,-78.1879
801,39.1845,-78.1692
802,39.1841,-78.1506
803,39.1836,-78.132
804,39.1831,-78.1134
805,39.1827,-78.0948
806,39.1822,-78.0762
807,39.1817,-78.0576
808,39.1813,-78.039
809,39.1808,-78.0204
810,39.1803,-78.0018
811,39.1798,-77.9831
812,39.1794,-77.9645
813,39.1789,-77.9459
814,39.1784,-77.9273
815,39.1779,-77.9087
816,39.1774,-77.8901
817,39.1754,-77.8157
818,39.1749,-77.7971
819,39.1744,-77.7785
820,39.1738,-77.7599
821,39.1733,-77.7413
822,39.1728,-77.7227
823,39.1723,-77.7041
824,39.1717,-77.6855
825,39.1712,-77.6669
826,39.1707,-77.6483
827,39.1701,-77.6297
828,39.1696,-77.6111
829,39.1691,-77.5925
830,39.1685,-77.5739
831,39.168,-77.5553
832,39.1674,-77.5367
833,39.205,-78.4293
834,39.2046,-78.4107
835,39.2042,-78.3921
836,39.2038,-78.3734
837,39.2034,-78.3548
838,39.203,-78.3362
839,39.2025,-78.3176
840,39.2021,-78.299
841,39.2017,-78.2804
842,39.2012,-78.2617
843,39.2008,-78.2431
844,39.2003,-78.2245
845,39.1999,-78.2059
846,39.1994,-78.1873
847,39.199,-78.1687
848,39.1985,-78.15
849,39.1981,-78.1314
850,39.1976,-78.1128
851,39.1972,-78.0942
852,39.1967,-78.0756
853,39.1962,-78.057
854,39.1958,-78.0384
855,39.1953,-78.0198
856,39.1948,-78.0011
857,39.1943,-77.9825
858,39.1938,-77.9639
859,39.1934,-77.9453
860,39.1929,-77.9267
861,39.1924,-77.9081
862,39.1894,-77.7964
863,39.1888,-77.7778
864,39.1883,-77.7592
865,39.1878,-77.7406
866,39.1873,-77.722
867,39.1868,-77.7034
868,39.1862,-77.6848
869,39.1857,-77.6662
870,39.1852,-77.6476
871,39.1846,-77.629
872,39.1841,-77.6104
873,39.1835,-77.5918
874,39.183,-77.5732
875,39.1824,-77.5546
876,39.1819,-77.536
877,39.2195,-78.4288
878,39.2191,-78.4102
879,39.2187,-78.3915
880,39.2183,-78.3729
881,39.2179,-78.3543
882,39.2174,-78.3357
883,39.217,-78.317
884,39.2166,-78.2984
885,39.2161,-78.2798
886,39.2157,-78.2612
887,39.2153,-78.2426
888,39.2148,-78.2239
889,39.2144,-78.2053
890,39.2139,-78.1867
891,39.2135,-78.1681
892,39.213,-78.1495
893,39.2126,-78.1308
894,39.2121,-78.1122
895,39.2116,-78.0936
896,39.2112,-78.075
897,39.2107,-78.0564
898,39.2102,-78.0378
899,39.2098,-78.0191
900,39.2093,-78.0005
901,39.2088,-77.9819
902,39.2083,-77.9633
903,39.2078,-77.9447
904,39.2073,-77.9261
905,39.2038,-77.7958
906,39.2033,-77.7772
907,39.2028,-77.7586
908,39.2023,-77.74
909,39.2018,-77.7214
910,39.2012,-77.7027
911,39.2007,-77.6841
912,39.2002,-77.6655
913,39.1996,-77.6469
914,39.1991,-77.6283
915,39.1986,-77.6097
916,39.198,-77.5911
917,39.1975,-77.5725
918,39.1969,-77.5539
919,39.1964,-77.5353
920,39.2336,-78.4096
921,39.2332,-78.391
922,39.2328,-78.3724
923,39.2323,-78.3537
924,39.2319,-78.3351
925,39.2315,-78.3165
926,39.2311,-78.2979
927,39.2306,-78.2792
928,39.2302,-78.2606
929,39.2298,-78.242
930,39.2293,-78.2234
931,39.2289,-78.2047
932,39.2284,-78.1861
933,39.228,-78.1675
934,39.2275,-78.1489
935,39.2271,-78.1302
936,39.2266,-78.1116
937,39.2261,-78.093
938,39.2257,-78.0744
939,39.2252,-78.0558
940,39.2247,-78.0371
941,39.2242,-78.0185
942,39.2238,-77.9999
943,39.2233,-77.9813
944,39.2228,-77.9627
945,39.2183,-77.7951
946,39.2178,-77.7765
947,39.2173,-77.7579
948,39.2168,-77.7393
949,39.2162,-77.7207
950,39.2157,-77.7021
951,39.2152,-77.6835
952,39.2146,-77.6648
953,39.2141,-77.6462
954,39.2136,-77.6276
955,39.213,-77.609
956,39.2125,-77.5904
957,39.2119,-77.5718
958,39.2114,-77.5532
959,39.2108,-77.5346
960,39.2481,-78.4091
961,39.2477,-78.3905
962,39.2473,-78.3718
963,39.2468,-78.3532
964,39.2464,-78.3346
965,39.246,-78.3159
966,39.2456,-78.2973
967,39.2451,-78.2787
968,39.2447,-78.26
969,39.2442,-78.2414
970,39.2438,-78.2228
971,39.2434,-78.2042
972,39.2429,-78.1855
973,39.2425,-78.1669
974,39.242,-78.1483
975,39.2415,-78.1297
976,39.2411,-78.111
977,39.2406,-78.0924
978,39.2401,-78.0738
979,39.2397,-78.0552
980,39.2392,-78.0365
981,39.2387,-78.0179
982,39.2383,-77.9993
983,39.2378,-77.9807
984,39.2323,-77.7759
985,39.2318,-77.7572
986,39.2312,-77.7386
987,39.2307,-77.72
988,39.2302,-77.7014
989,39.2297,-77.6828
990,39.2291,-77.6642
991,39.2286,-77.6455
992,39.2281,-77.6269
993,39.2275,-77.6083
994,39.227,-77.5897
995,39.2264,-77.5711
996,39.2259,-77.5525
997,39.2253,-77.5339
998,39.263,-78.4272
999,39.2626,-78.4086
1000,39.2622,-78.3899
1001,39.2617,-78.3713
1002,39.2613,-78.3526
1003,39.2609,-78.334
1004,39.2605,-78.3154
1005,39.26,-78.2967
1006,39.2596,-78.2781
1007,39.2592,-78.2595
1008,39.2587,-78.2409
1009,39.2583,-78.2222
1010,39.2578,-78.2036
1011,39.2574,-78.185
1012,39.2569,-78.1663
1013,39.2565,-78.1477
1014,39.256,-78.1291
1015,39.2556,-78.1104
1016,39.2551,-78.0918
1017,39.2546,-78.0732
1018,39.2542,-78.0546
1019,39.2537,-78.0359
1020,39.2532,-78.0173
1021,39.2527,-77.9987
1022,39.2467,-77.7752
1023,39.2462,-77.7566
1024,39.2457,-77.7379
1025,39.2452,-77.7193
1026,39.2447,-77.7007
1027,39.2441,-77.6821
1028,39.2436,-77.6635
1029,39.2431,-77.6449
1030,39.2425,-77.6262
1031,39.242,-77.6076
1032,39.2414,-77.589
1033,39.2409,-77.5704
1034,39.2403,-77.5518
1035,39.2398,-77.5332
1036,39.2771,-78.408
1037,39.2766,-78.3894
1038,39.2762,-78.3707
1039,39.2758,-78.3521
1040,39.2754,-78.3335
1041,39.275,-78.3148
1042,39.2745,-78.2962
1043,39.2741,-78.2776
1044,39.2737,-78.2589
1045,39.2732,-78.2403
1046,39.2728,-78.2216
1047,39.2723,-78.203
1048,39.2719,-78.1844
1049,39.2714,-78.1657
1050,39.271,-78.1471
1051,39.2705,-78.1285
1052,39.27,-78.1098
1053,39.2696,-78.0912
1054,39.2691,-78.0726
1055,39.2686,-78.0539
1056,39.2682,-78.0353
1057,39.2612,-77.7745
1058,39.2607,-77.7559
1059,39.2602,-77.7373
1060,39.2597,-77.7187
1061,39.2591,-77.7
1062,39.2586,-77.6814
1063,39.2581,-77.6628
1064,39.2575,-77.6442
1065,39.257,-77.6255
1066,39.2565,-77.6069
1067,39.2559,-77.5883
1068,39.2554,-77.5697
1069,39.2548,-77.5511
1070,39.2543,-77.5324
1071,39.2911,-78.3888
1072,39.2907,-78.3702
1073,39.2903,-78.3516
1074,39.2899,-78.3329
1075,39.2894,-78.3143
1076,39.289,-78.2956
1077,39.2886,-78.277
1078,39.2881,-78.2584
1079,39.2877,-78.2397
1080,39.2873,-78.2211
1081,39.2868,-78.2024
1082,39.2864,-78.1838
1083,39.2859,-78.1652
1084,39.2854,-78.1465
1085,39.285,-78.1279
1086,39.2845,-78.1092
1087,39.2841,-78.0906
1088,39.2836,-78.072
1089,39.2831,-78.0533
1090,39.2752,-77.7552
1091,39.2747,-77.7366
1092,39.2741,-77.718
1093,39.2736,-77.6993
1094,39.2731,-77.6807
1095,39.2726,-77.6621
1096,39.272,-77.6435
1097,39.2715,-77.6248
1098,39.2709,-77.6062
1099,39.2704,-77.5876
1100,39.2698,-77.569
1101,39.2693,-77.5504
1102,39.3056,-78.3883
1103,39.3052,-78.3697
1104,39.3048,-78.351
1105,39.3044,-78.3324
1106,39.3039,-78.3137
1107,39.3035,-78.2951
1108,39.3031,-78.2764
1109,39.3026,-78.2578
1110,39.3022,-78.2391
1111,39.3017,-78.2205
1112,39.3013,-78.2019
1113,39.3008,-78.1832
1114,39.3004,-78.1646
1115,39.2999,-78.1459
1116,39.2995,-78.1273
1117,39.299,-78.1087
1118,39.2985,-78.09
1119,39.2981,-78.0714
1120,39.2897,-77.7546
1121,39.2891,-77.7359
1122,39.2886,-77.7173
1123,39.2881,-77.6987
1124,39.2876,-77.68
1125,39.287,-77.6614
1126,39.2865,-77.6428
1127,39.286,-77.6242
1128,39.2854,-77.6055
1129,39.2849,-77.5869
1130,39.2843,-77.5683
1131,39.2838,-77.5496
1132,39.3197,-78.3691
1133,39.3193,-78.3505
1134,39.3188,-78.3318
1135,39.3184,-78.3132
1136,39.318,-78.2945
1137,39.3175,-78.2759
1138,39.3171,-78.2572
1139,39.3167,-78.2386
1140,39.3162,-78.2199
1141,39.3158,-78.2013
1142,39.3153,-78.1826
1143,39.3149,-78.164
1144,39.3144,-78.1453
1145,39.314,-78.1267
1146,39.3135,-78.1081
1147,39.313,-78.0894
1148,39.3041,-77.7539
1149,39.3036,-77.7353
1150,39.3031,-77.7166
1151,39.3026,-77.698
1152,39.302,-77.6794
1153,39.3015,-77.6607
1154,39.301,-77.6421
1155,39.3004,-77.6235
1156,39.2999,-77.6048
1157,39.2993,-77.5862
1158,39.2988,-77.5676
1159,39.3338,-78.3499
1160,39.3333,-78.3313
1161,39.3329,-78.3126
1162,39.3325,-78.294
1163,39.332,-78.2753
1164,39.3316,-78.2567
1165,39.3312,-78.238
1166,39.3307,-78.2194
1167,39.3303,-78.2007
1168,39.3298,-78.1821
1169,39.3294,-78.1634
1170,39.3289,-78.1448
1171,39.3284,-78.1261
1172,39.3181,-77.7346
1173,39.3176,-77.716
1174,39.3171,-77.6973
1175,39.3165,-77.6787
1176,39.316,-77.66
1177,39.3154,-77.6414
1178,39.3133,-77.5669
1179,39.3482,-78.3494
1180,39.3478,-78.3307
1181,39.3474,-78.3121
1182,39.347,-78.2934
1183,39.3465,-78.2747
1184,39.3461,-78.2561
1185,39.3456,-78.2374
1186,39.3452,-78.2188
1187,39.3447,-78.2001
1188,39.3443,-78.1815
1189,39.3438,-78.1628
1190,39.3434,-78.1442
1191,39.331,-77.678
1192,39.3631,-78.3675
1193,39.3627,-78.3488
1194,39.3623,-78.3302
1195,39.3619,-78.3115
1196,39.3614,-78.2928
1197,39.361,-78.2742
1198,39.3606,-78.2555
1199,39.3601,-78.2369
1200,39.3597,-78.2182
1201,39.3592,-78.1995
1202,39.3588,-78.1809
1203,39.3583,-78.1622
1204,39.3772,-78.3483
1205,39.3768,-78.3296
1206,39.3764,-78.3109
1207,39.3759,-78.2923
1208,39.3755,-78.2736
1209,39.375,-78.255
1210,39.3746,-78.2363
1211,39.3742,-78.2176
1212,39.3737,-78.199
1213,39.3917,-78.3477
1214,39.3913,-78.3291
1215,39.3908,-78.3104
1216,39.3904,-78.2917
1217,39.39,-78.2731
1218,39.3895,-78.2544
1219,39.3891,-78.2357
1220,39.3886,-78.2171
1221,39.4066,-78.3659
1222,39.4062,-78.3472
1223,39.4058,-78.3285
1224,39.4053,-78.3098
1225,39.4049,-78.2912
1226,39.4045,-78.2725
1227,39.404,-78.2538
1228,39.4036,-78.2351
1229,39.4211,-78.3653
1230,39.4207,-78.3466
1231,39.4202,-78.3279
1232,39.4198,-78.3093
1233,39.4194,-78.2906
1234,39.4189,-78.2719
1235,39.4185,-78.2533
1236,39.4352,-78.3461
1237,39.4347,-78.3274
1238,39.4343,-78.3087
1239,39.4339,-78.29
1240,39.4496,-78.3455
1241,39.4492,-78.3268
1242,39.4488,-78.3082
1243,39.4641,-78.345
1244,39.4637,-78.3263
1245,39.2687,-77.5317
1246,39.2537,-77.5138
1247,39.2532,-77.4952
1248,39.2526,-77.4766
1249,39.2392,-77.5145
1250,39.2387,-77.4959
1251,39.2381,-77.4773
1252,39.2375,-77.4587
1253,39.2248,-77.5153
1254,39.2242,-77.4967
1255,39.2236,-77.478
1256,39.2231,-77.4594
1257,39.2103,-77.516
1258,39.2097,-77.4974
1259,39.2092,-77.4788
1260,39.2086,-77.4602
1261,39.1958,-77.5167
1262,39.1953,-77.4981
1263,39.1947,-77.4795
1264,39.1813,-77.5174
1265,39.1808,-77.4988
1266,39.1802,-77.4802
1267,39.1669,-77.5181
1268,39.1524,-77.5188
1269,39.1379,-77.5196
1270,39.1234,-77.5203
1271,39.1229,-77.5017
1272,39.109,-77.521
1273,39.1084,-77.5024
1274,39.1078,-77.4838
1275,39.0945,-77.5217
1276,39.0939,-77.5031
1277,39.0934,-77.4845
1278,39.0928,-77.466
1279,39.0811,-77.5595
1280,39.0806,-77.541
1281,39.08,-77.5224
1282,39.0795,-77.5038
1283,39.0789,-77.4853
1284,39.0783,-77.4667
1285,39.0778,-77.4481
1286,39.0772,-77.4296
1287,39.0677,-77.5974
1288,39.0672,-77.5788
1289,39.0666,-77.5602
1290,39.0661,-77.5417
1291,39.0655,-77.5231
1292,39.065,-77.5045
1293,39.0644,-77.486
1294,39.0639,-77.4674
1295,39.0633,-77.4488
1296,39.0627,-77.4303
1297,39.0622,-77.4117
1298,39.0616,-77.3932
1299,39.061,-77.3746
1300,39.0604,-77.356
1301,39.0598,-77.3375
1302,39.0593,-77.3189
1303,39.0587,-77.3003
1304,39.0532,-77.5981
1305,39.0527,-77.5795
1306,39.0522,-77.561
1307,39.0516,-77.5424
1308,39.0511,-77.5238
1309,39.0505,-77.5053
1310,39.0499,-77.4867
1311,39.0494,-77.4681
1312,39.0488,-77.4496
1313,39.0483,-77.431
1314,39.0477,-77.4124
1315,39.0471,-77.3939
1316,39.0465,-77.3753
1317,39.046,-77.3568
1318,39.0454,-77.3382
1319,39.0448,-77.3196
1320,39.0442,-77.3011
1321,39.0436,-77.2825
1322,39.0388,-77.5988
1323,39.0382,-77.5802
1324,39.0377,-77.5617
1325,39.0371,-77.5431
1326,39.0366,-77.5245
1327,39.036,-77.506
1328,39.0355,-77.4874
1329,39.0349,-77.4689
1330,39.0343,-77.4503
1331,39.0338,-77.4317
1332,39.0332,-77.4132
1333,39.0326,-77.3946
1334,39.0321,-77.3761
1335,39.0315,-77.3575
1336,39.0309,-77.339
1337,39.0303,-77.3204
1338,39.0297,-77.3018
1339,39.0291,-77.2833
1340,39.0285,-77.2647
1341,39.0279,-77.2462
1342,39.0243,-77.5995
1343,39.0238,-77.5809
1344,39.0232,-77.5624
1345,39.0227,-77.5438
1346,39.0221,-77.5252
1347,39.0216,-77.5067
1348,39.021,-77.4881
1349,39.0204,-77.4696
1350,39.0199,-77.451
1351,39.0193,-77.4325
1352,39.0187,-77.4139
1353,39.0182,-77.3954
1354,39.0176,-77.3768
1355,39.017,-77.3583
1356,39.0164,-77.3397
1357,39.0158,-77.3212
1358,39.0153,-77.3026
1359,39.0147,-77.284
1360,39.0141,-77.2655
1361,39.0135,-77.2469
1362,39.0098,-77.6002
1363,39.0093,-77.5816
1364,39.0087,-77.5631
1365,39.0082,-77.5445
1366,39.0076,-77.526
1367,39.0071,-77.5074
1368,39.0065,-77.4889
1369,39.006,-77.4703
1370,39.0054,-77.4517
1371,39.0048,-77.4332
1372,39.0043,-77.4146
1373,39.0037,-77.3961
1374,39.0031,-77.3775
1375,39.0025,-77.359
1376,39.002,-77.3404
1377,39.0014,-77.3219
1378,39.0008,-77.3034
1379,39.0002,-77.2848
1380,38.9996,-77.2663
1381,38.999,-77.2477
1382,38.9953,-77.6009
1383,38.9948,-77.5823
1384,38.9943,-77.5638
1385,38.9937,-77.5452
1386,38.9932,-77.5267
1387,38.9926,-77.5081
1388,38.992,-77.4896
1389,38.9915,-77.471
1390,38.9909,-77.4525
1391,38.9904,-77.4339
1392,38.9898,-77.4154
1393,38.9892,-77.3968
1394,38.9886,-77.3783
1395,38.9881,-77.3597
1396,38.9875,-77.3412
1397,38.9869,-77.3227
1398,38.9863,-77.3041
1399,38.9857,-77.2856
1400,38.9851,-77.267
1401,38.9845,-77.2485
1402,38.9839,-77.2299
1403,38.9809,-77.6016
1404,38.9803,-77.583
1405,38.9798,-77.5645
1406,38.9792,-77.5459
1407,38.9787,-77.5274
1408,38.9781,-77.5088
1409,38.9776,-77.4903
1410,38.977,-77.4717
1411,38.9764,-77.4532
1412,38.9759,-77.4346
1413,38.9753,-77.4161
1414,38.9747,-77.3976
1415,38.9742,-77.379
1416,38.9736,-77.3605
1417,38.973,-77.3419
1418,38.9724,-77.3234
1419,38.9718,-77.3049
1420,38.9712,-77.2863
1421,38.9707,-77.2678
1422,38.9701,-77.2492
1423,38.9695,-77.2307
1424,38.9689,-77.2122
1425,38.9683,-77.1936
1426,38.9677,-77.1751
1427,38.967,-77.1566
1428,38.9664,-77.138
1429,38.9664,-77.6022
1430,38.9658,-77.5837
1431,38.9653,-77.5652
1432,38.9648,-77.5466
1433,38.9642,-77.5281
1434,38.9636,-77.5095
1435,38.9631,-77.491
1436,38.9625,-77.4725
1437,38.962,-77.4539
1438,38.9614,-77.4354
1439,38.9608,-77.4168
1440,38.9603,-77.3983
1441,38.9597,-77.3798
1442,38.9591,-77.3612
1443,38.9585,-77.3427
1444,38.958,-77.3242
1445,38.9574,-77.3056
1446,38.9568,-77.2871
1447,38.9562,-77.2685
1448,38.9556,-77.25
1449,38.955,-77.2315
1450,38.9544,-77.2129
1451,38.9538,-77.1944
1452,38.9532,-77.1759
1453,38.9526,-77.1573
1454,38.952,-77.1388
1455,38.9513,-77.1203
1456,39.1406,-78.1524
1457,39.1261,-78.153
1458,39.1257,-78.1344
1459,39.1121,-78.1721
1460,39.1116,-78.1535
1461,39.1112,-78.135
1462,39.0981,-78.1913
1463,39.0976,-78.1727
1464,39.0972,-78.1541
1465,39.0967,-78.1355
1466,39.0836,-78.1919
1467,39.0831,-78.1733
1468,39.0827,-78.1547
1469,39.0822,-78.1361
1470,39.0818,-78.1175
1471,39.0695,-78.211
1472,39.0691,-78.1925
1473,39.0686,-78.1739
1474,39.0682,-78.1553
1475,39.0677,-78.1367
1476,39.0673,-78.1181
1477,39.0668,-78.0996
1478,39.0663,-78.081
1479,39.055,-78.2116
1480,39.0546,-78.193
1481,39.0542,-78.1745
1482,39.0537,-78.1559
1483,39.0532,-78.1373
1484,39.0528,-78.1187
1485,39.0523,-78.1002
1486,39.0519,-78.0816
1487,39.0514,-78.063
1488,39.041,-78.2308
1489,39.0406,-78.2122
1491,39.0401,-78.1936
1492,39.0397,-78.175
1493,39.0392,-78.1565
1494,39.0388,-78.1379
1495,39.0383,-78.1193
1496,39.0378,-78.1007
1497,39.0374,-78.0822
1498,39.0369,-78.0636
1499,39.0364,-78.045
1500,39.036,-78.0265
1501,39.027,-78.2499
1502,39.0265,-78.2313
1503,39.0261,-78.2127
1504,39.0256,-78.1942
1505,39.0252,-78.1756
1506,39.0247,-78.157
1507,39.0243,-78.1385
1508,39.0238,-78.1199
1509,39.0234,-78.1013
1510,39.0229,-78.0828
1511,39.0224,-78.0642
1512,39.022,-78.0456
1513,39.0215,-78.0271
1514,39.021,-78.0085
1515,39.0205,-77.9899
1516,39.0129,-78.269
1517,39.0125,-78.2505
1518,39.012,-78.2319
1519,39.0116,-78.2133
1520,39.0112,-78.1948
1521,39.0107,-78.1762
1522,39.0103,-78.1576
1523,39.0098,-78.1391
1524,39.0093,-78.1205
1525,39.0089,-78.1019
1526,39.0084,-78.0834
1527,39.0079,-78.0648
1528,39.0075,-78.0462
1529,39.007,-78.0277
1530,39.0065,-78.0091
1531,39.0061,-77.9906
1532,39.0056,-77.972
1533,39.0006,-78.3624
1534,39.0001,-78.3438
1535,38.9989,-78.2881
1536,38.9984,-78.2696
1537,38.998,-78.251
1538,38.9976,-78.2325
1539,38.9971,-78.2139
1540,38.9967,-78.1953
1541,38.9962,-78.1768
1542,38.9958,-78.1582
1543,38.9953,-78.1396
1544,38.9949,-78.1211
1545,38.9944,-78.1025
1546,38.9939,-78.084
1547,38.9935,-78.0654
1548,38.993,-78.0468
1549,38.9925,-78.0283
1550,38.9921,-78.0097
1551,38.9916,-77.9912
1552,38.9911,-77.9726
1553,38.9906,-77.954
1554,38.9901,-77.9355
1555,38.9896,-77.9169
1556,38.9865,-78.3815
1557,38.9861,-78.3629
1558,38.9857,-78.3444
1559,38.9852,-78.3258
1560,38.9848,-78.3073
1561,38.9844,-78.2887
1562,38.9839,-78.2701
1563,38.9835,-78.2516
1564,38.9831,-78.233
1565,38.9826,-78.2145
1566,38.9822,-78.1959
1567,38.9817,-78.1773
1568,38.9813,-78.1588
1569,38.9808,-78.1402
1570,38.9804,-78.1217
1571,38.9799,-78.1031
1572,38.9794,-78.0846
1573,38.979,-78.066
1574,38.9785,-78.0474
1575,38.978,-78.0289
1576,38.9776,-78.0103
1577,38.9771,-77.9918
1578,38.9766,-77.9732
1579,38.9761,-77.9547
1580,38.9756,-77.9361
1581,38.9752,-77.9176
1582,38.9747,-77.899
1583,38.9742,-77.8805
1584,38.9737,-77.8619
1585,38.9732,-77.8434
1586,38.9724,-78.4006
1587,38.972,-78.382
1588,38.9716,-78.3635
1589,38.9712,-78.3449
1590,38.9707,-78.3264
1591,38.9703,-78.3078
1592,38.9699,-78.2892
1593,38.9695,-78.2707
1594,38.969,-78.2521
1595,38.9686,-78.2336
1596,38.9681,-78.215
1597,38.9677,-78.1965
1598,38.9672,-78.1779
1599,38.9668,-78.1594
1600,38.9663,-78.1408
1601,38.9659,-78.1223
1602,38.9654,-78.1037
1603,38.965,-78.0851
1604,38.9645,-78.0666
1605,38.964,-78.048
1606,38.9636,-78.0295
1607,38.9631,-78.0109
1608,38.9626,-77.9924
1609,38.9621,-77.9738
1610,38.9616,-77.9553
1611,38.9612,-77.9367
1612,38.9607,-77.9182
1613,38.9602,-77.8997
1614,38.9597,-77.8811
1615,38.9592,-77.8626
1616,38.9587,-77.844
1617,38.9582,-77.8255
1618,38.9577,-77.8069
1619,38.9572,-77.7884
1620,38.9567,-77.7698
1621,38.9561,-77.7513
1622,38.9556,-77.7327
1623,38.9551,-77.7142
1624,38.9546,-77.6956
1625,38.954,-77.6771
1626,38.9535,-77.6586
1627,38.953,-77.64
1628,38.9524,-77.6215
1629,38.9519,-77.6029
1630,38.9514,-77.5844
1631,38.9508,-77.5659
1632,38.9503,-77.5473
1633,38.9497,-77.5288
1634,38.9492,-77.5102
1635,38.9486,-77.4917
1636,38.9481,-77.4732
1637,38.9475,-77.4546
1638,38.9469,-77.4361
1639,38.9464,-77.4176
1640,38.9458,-77.399
1641,38.9452,-77.3805
1642,38.9446,-77.362
1643,38.9441,-77.3434
1644,38.9435,-77.3249
1645,38.9429,-77.3064
1646,38.9423,-77.2878
1647,38.9417,-77.2693
1648,38.9411,-77.2508
1649,38.9405,-77.2322
1650,38.9399,-77.2137
1651,38.9393,-77.1952
1652,38.9387,-77.1767
1653,38.9381,-77.1581
1654,38.9375,-77.1396
1655,38.9369,-77.1211
1656,38.9583,-78.4197
1657,38.9579,-78.4011
1658,38.9575,-78.3826
1659,38.9571,-78.364
1660,38.9567,-78.3455
1661,38.9563,-78.3269
1662,38.9558,-78.3083
1663,38.9554,-78.2898
1664,38.955,-78.2712
1665,38.9545,-78.2527
1666,38.9541,-78.2341
1667,38.9537,-78.2156
1668,38.9532,-78.197
1669,38.9528,-78.1785
1670,38.9523,-78.1599
1671,38.9519,-78.1414
1672,38.9514,-78.1228
1673,38.9509,-78.1043
1674,38.9505,-78.0857
1675,38.95,-78.0672
1676,38.9495,-78.0486
1677,38.9491,-78.0301
1678,38.9486,-78.0116
1679,38.9481,-77.993
1680,38.9476,-77.9745
1681,38.9472,-77.9559
1682,38.9467,-77.9374
1683,38.9462,-77.9188
1684,38.9457,-77.9003
1685,38.9452,-77.8817
1686,38.9447,-77.8632
1687,38.9442,-77.8447
1688,38.9437,-77.8261
1689,38.9432,-77.8076
1690,38.9427,-77.789
1691,38.9422,-77.7705
1692,38.9417,-77.7519
1693,38.9411,-77.7334
1694,38.9406,-77.7149
1695,38.9401,-77.6963
1696,38.9396,-77.6778
1697,38.939,-77.6592
1698,38.9385,-77.6407
1699,38.938,-77.6222
1700,38.9374,-77.6036
1701,38.9369,-77.5851
1702,38.9363,-77.5666
1703,38.9358,-77.548
1704,38.9353,-77.5295
1705,38.9347,-77.511
1706,38.9341,-77.4924
1707,38.9336,-77.4739
1708,38.933,-77.4554
1709,38.9325,-77.4368
1710,38.9319,-77.4183
1711,38.9313,-77.3998
1712,38.9307,-77.3812
1713,38.9302,-77.3627
1714,38.9296,-77.3442
1715,38.929,-77.3256
1716,38.9284,-77.3071
1717,38.9278,-77.2886
1718,38.9272,-77.2701
1719,38.9266,-77.2515
1720,38.926,-77.233
1721,38.9254,-77.2145
1722,38.9248,-77.196
1723,38.9242,-77.1774
1724,38.9236,-77.1589
1725,38.923,-77.1404
1726,38.9224,-77.1219
1727,38.9218,-77.1033
1728,38.9443,-78.4388
1729,38.9439,-78.4202
1730,38.9434,-78.4016
1731,38.943,-78.3831
1732,38.9426,-78.3645
1733,38.9422,-78.346
1734,38.9418,-78.3275
1735,38.9413,-78.3089
1736,38.9409,-78.2904
1737,38.9405,-78.2718
1738,38.94,-78.2533
1739,38.9396,-78.2347
1740,38.9392,-78.2162
1741,38.9387,-78.1976
1742,38.9383,-78.1791
1743,38.9378,-78.1605
1744,38.9374,-78.142
1745,38.9369,-78.1234
1746,38.9365,-78.1049
1747,38.936,-78.0863
1748,38.9355,-78.0678
1749,38.9351,-78.0492
1750,38.9346,-78.0307
1751,38.9341,-78.0122
1752,38.9336,-77.9936
1753,38.9332,-77.9751
1754,38.9327,-77.9565
1755,38.9322,-77.938
1756,38.9317,-77.9194
1757,38.9312,-77.9009
1758,38.9307,-77.8824
1759,38.9302,-77.8638
1760,38.9297,-77.8453
1761,38.9292,-77.8268
1762,38.9287,-77.8082
1763,38.9282,-77.7897
1764,38.9277,-77.7711
1765,38.9272,-77.7526
1766,38.9267,-77.7341
1767,38.9261,-77.7155
1768,38.9256,-77.697
1769,38.9251,-77.6785
1770,38.9246,-77.6599
1771,38.924,-77.6414
1772,38.9235,-77.6229
1773,38.923,-77.6043
1774,38.9224,-77.5858
1775,38.9219,-77.5673
1776,38.9213,-77.5487
1777,38.9208,-77.5302
1778,38.9202,-77.5117
1779,38.9197,-77.4931
1780,38.9191,-77.4746
1781,38.9185,-77.4561
1782,38.918,-77.4376
1783,38.9174,-77.419
1784,38.9168,-77.4005
1785,38.9163,-77.382
1786,38.9157,-77.3634
1787,38.9151,-77.3449
1788,38.9145,-77.3264
1789,38.9139,-77.3079
1790,38.9134,-77.2893
1791,38.9128,-77.2708
1792,38.9122,-77.2523
1793,38.9116,-77.2338
1794,38.911,-77.2153
1795,38.9104,-77.1967
1796,38.9098,-77.1782
1797,38.9092,-77.1597
1798,38.9086,-77.1412
1799,38.9079,-77.1227
1800,38.9073,-77.1041
1801,38.9067,-77.0856
1802,38.9061,-77.0671
1803,38.9302,-78.4578
1804,38.9298,-78.4393
1805,38.9294,-78.4207
1806,38.929,-78.4022
1807,38.9285,-78.3836
1808,38.9281,-78.3651
1809,38.9277,-78.3465
1810,38.9273,-78.328
1811,38.9269,-78.3094
1812,38.9264,-78.2909
1813,38.926,-78.2724
1814,38.9256,-78.2538
1815,38.9251,-78.2353
1816,38.9247,-78.2167
1817,38.9242,-78.1982
1818,38.9238,-78.1796
1819,38.9233,-78.1611
1820,38.9229,-78.1426
1821,38.9224,-78.124
1822,38.922,-78.1055
1823,38.9215,-78.0869
1824,38.921,-78.0684
1825,38.9206,-78.0498
1826,38.9201,-78.0313
1827,38.9196,-78.0128
1828,38.9192,-77.9942
1829,38.9187,-77.9757
1830,38.9182,-77.9572
1831,38.9177,-77.9386
1832,38.9172,-77.9201
1833,38.9167,-77.9015
1834,38.9162,-77.883
1835,38.9157,-77.8645
1836,38.9152,-77.8459
1837,38.9147,-77.8274
1838,38.9142,-77.8089
1839,38.9137,-77.7903
1840,38.9132,-77.7718
1841,38.9127,-77.7533
1842,38.9122,-77.7347
1843,38.9117,-77.7162
1844,38.9111,-77.6977
1845,38.9106,-77.6791
1846,38.9101,-77.6606
1847,38.9096,-77.6421
1848,38.909,-77.6235
1849,38.9085,-77.605
1850,38.9079,-77.5865
1851,38.9074,-77.568
1852,38.9068,-77.5494
1853,38.9063,-77.5309
1854,38.9057,-77.5124
1855,38.9052,-77.4939
1856,38.9046,-77.4753
1857,38.9041,-77.4568
1858,38.9035,-77.4383
1859,38.9029,-77.4198
1860,38.9024,-77.4012
1861,38.9018,-77.3827
1862,38.9012,-77.3642
1863,38.9006,-77.3457
1864,38.9001,-77.3271
1865,38.8995,-77.3086
1866,38.8989,-77.2901
1867,38.8983,-77.2716
1868,38.8977,-77.2531
1869,38.8971,-77.2345
1870,38.8965,-77.216
1871,38.8959,-77.1975
1872,38.8953,-77.179
1873,38.8947,-77.1605
1874,38.8941,-77.142
1875,38.8935,-77.1234
1876,38.8928,-77.1049
1877,38.8922,-77.0864
1878,38.8916,-77.0679
1879,38.9161,-78.4769
1880,38.9157,-78.4583
1881,38.9153,-78.4398
1882,38.9149,-78.4213
1883,38.9145,-78.4027
1884,38.9141,-78.3842
1885,38.9136,-78.3656
1886,38.9132,-78.3471
1887,38.9128,-78.3285
1888,38.9124,-78.31
1889,38.9119,-78.2915
1890,38.9115,-78.2729
1891,38.9111,-78.2544
1892,38.9106,-78.2358
1893,38.9102,-78.2173
1894,38.9098,-78.1988
1895,38.9093,-78.1802
1896,38.9089,-78.1617
1897,38.9084,-78.1431
1898,38.9079,-78.1246
1899,38.9075,-78.1061
1900,38.907,-78.0875
1901,38.9066,-78.069
1902,38.9061,-78.0504
1903,38.9056,-78.0319
1904,38.9052,-78.0134
1905,38.9047,-77.9948
1906,38.9042,-77.9763
1907,38.9037,-77.9578
1908,38.9032,-77.9392
1909,38.9027,-77.9207
1910,38.9023,-77.9022
1911,38.9018,-77.8836
1912,38.9013,-77.8651
1913,38.9008,-77.8466
1914,38.9003,-77.828
1915,38.8998,-77.8095
1916,38.8993,-77.791
1917,38.8987,-77.7725
1918,38.8982,-77.7539
1919,38.8977,-77.7354
1920,38.8972,-77.7169
1921,38.8967,-77.6983
1922,38.8961,-77.6798
1923,38.8956,-77.6613
1924,38.8951,-77.6428
1925,38.8945,-77.6242
1926,38.894,-77.6057
1927,38.8935,-77.5872
1928,38.8929,-77.5687
1929,38.8924,-77.5501
1930,38.8918,-77.5316
1931,38.8913,-77.5131
1932,38.8907,-77.4946
1933,38.8902,-77.476
1934,38.8896,-77.4575
1935,38.889,-77.439
1936,38.8885,-77.4205
1937,38.8879,-77.402
1938,38.8873,-77.3834
1939,38.8867,-77.3649
1940,38.8862,-77.3464
1941,38.8856,-77.3279
1942,38.885,-77.3094
1943,38.8844,-77.2909
1944,38.8838,-77.2723
1945,38.8832,-77.2538
1946,38.8826,-77.2353
1947,38.882,-77.2168
1948,38.8814,-77.1983
1949,38.8808,-77.1798
1950,38.8802,-77.1613
1951,38.8796,-77.1427
1952,38.879,-77.1242
1953,38.8784,-77.1057
1954,38.8778,-77.0872
1955,38.8771,-77.0687
1956,38.8765,-77.0502
1957,38.8759,-77.0317
1958,38.9016,-78.4774
1959,38.9012,-78.4589
1960,38.9008,-78.4403
1961,38.9004,-78.4218
1962,38.9,-78.4032
1963,38.8996,-78.3847
1964,38.8992,-78.3662
1965,38.8987,-78.3476
1966,38.8983,-78.3291
1967,38.8979,-78.3105
1968,38.8975,-78.292
1969,38.897,-78.2735
1970,38.8966,-78.2549
1971,38.8962,-78.2364
1972,38.8957,-78.2179
1973,38.8953,-78.1993
1974,38.8948,-78.1808
1975,38.8944,-78.1622
1976,38.8939,-78.1437
1977,38.8935,-78.1252
1978,38.893,-78.1066
1979,38.8925,-78.0881
1980,38.8921,-78.0696
1981,38.8916,-78.051
1982,38.8911,-78.0325
1983,38.8907,-78.014
1984,38.8902,-77.9955
1985,38.8897,-77.9769
1986,38.8892,-77.9584
1987,38.8888,-77.9399
1988,38.8883,-77.9213
1989,38.8878,-77.9028
1990,38.8873,-77.8843
1991,38.8868,-77.8657
1992,38.8863,-77.8472
1993,38.8858,-77.8287
1994,38.8853,-77.8102
1995,38.8848,-77.7916
1996,38.8843,-77.7731
1997,38.8837,-77.7546
1998,38.8832,-77.7361
1999,38.8827,-77.7175
2000,38.8822,-77.699
2001,38.8817,-77.6805
2002,38.8811,-77.662
2003,38.8806,-77.6434
2004,38.8801,-77.6249
2005,38.8795,-77.6064
2006,38.879,-77.5879
2007,38.8784,-77.5694
2008,38.8779,-77.5508
2009,38.8773,-77.5323
2010,38.8768,-77.5138
2011,38.8762,-77.4953
2012,38.8757,-77.4768
2013,38.8751,-77.4582
2014,38.8746,-77.4397
2015,38.874,-77.4212
2016,38.8734,-77.4027
2017,38.8728,-77.3842
2018,38.8723,-77.3657
2019,38.8717,-77.3471
2020,38.8711,-77.3286
2021,38.8705,-77.3101
2022,38.8699,-77.2916
2023,38.8694,-77.2731
2024,38.8688,-77.2546
2025,38.8682,-77.2361
2026,38.8676,-77.2176
2027,38.867,-77.1991
2028,38.8664,-77.1805
2029,38.8657,-77.162
2030,38.8651,-77.1435
2031,38.8645,-77.125
2032,38.8639,-77.1065
2033,38.8633,-77.088
2034,38.8627,-77.0695
2035,38.862,-77.051
2036,38.8614,-77.0325
2037,38.8875,-78.4965
2038,38.8871,-78.4779
2039,38.8867,-78.4594
2040,38.8863,-78.4408
2041,38.8859,-78.4223
2042,38.8855,-78.4038
2043,38.8851,-78.3852
2044,38.8847,-78.3667
2045,38.8842,-78.3482
2046,38.8838,-78.3296
2047,38.8834,-78.3111
2048,38.883,-78.2926
2049,38.8825,-78.274
2050,38.8821,-78.2555
2051,38.8817,-78.237
2052,38.8812,-78.2184
2053,38.8808,-78.1999
2054,38.8803,-78.1814
2055,38.8799,-78.1628
2056,38.8794,-78.1443
2057,38.879,-78.1258
2058,38.8785,-78.1072
2059,38.8781,-78.0887
2060,38.8776,-78.0702
2061,38.8771,-78.0516
2062,38.8767,-78.0331
2063,38.8762,-78.0146
2064,38.8757,-77.9961
2065,38.8752,-77.9775
2066,38.8748,-77.959
2067,38.8743,-77.9405
2068,38.8738,-77.922
2069,38.8733,-77.9034
2070,38.8728,-77.8849
2071,38.8723,-77.8664
2072,38.8718,-77.8479
2073,38.8713,-77.8293
2074,38.8708,-77.8108
2075,38.8703,-77.7923
2076,38.8698,-77.7738
2077,38.8693,-77.7552
2078,38.8687,-77.7367
2079,38.8682,-77.7182
2080,38.8677,-77.6997
2081,38.8672,-77.6812
2082,38.8667,-77.6626
2083,38.8661,-77.6441
2084,38.8656,-77.6256
2085,38.8651,-77.6071
2086,38.8645,-77.5886
2087,38.864,-77.5701
2088,38.8634,-77.5515
2089,38.8629,-77.533
2090,38.8623,-77.5145
2091,38.8618,-77.496
2092,38.8612,-77.4775
2093,38.8606,-77.459
2094,38.8601,-77.4404
2095,38.8595,-77.4219
2096,38.8589,-77.4034
2097,38.8584,-77.3849
2098,38.8578,-77.3664
2099,38.8572,-77.3479
2100,38.8566,-77.3294
2101,38.8561,-77.3109
2102,38.8555,-77.2924
2103,38.8549,-77.2738
2104,38.8543,-77.2553
2105,38.8537,-77.2368
2106,38.8531,-77.2183
2107,38.8525,-77.1998
2108,38.8519,-77.1813
2109,38.8513,-77.1628
2110,38.8507,-77.1443
2111,38.8501,-77.1258
2112,38.8494,-77.1073
2113,38.8488,-77.0888
2114,38.8482,-77.0703
2115,38.8476,-77.0518
2116,38.8469,-77.0333
2117,38.873,-78.497
2118,38.8726,-78.4784
2119,38.8722,-78.4599
2120,38.8718,-78.4414
2121,38.8714,-78.4228
2122,38.871,-78.4043
2123,38.8706,-78.3858
2124,38.8702,-78.3672
2125,38.8698,-78.3487
2126,38.8693,-78.3302
2127,38.8689,-78.3116
2128,38.8685,-78.2931
2129,38.8681,-78.2746
2130,38.8676,-78.256
2131,38.8672,-78.2375
2132,38.8667,-78.219
2133,38.8663,-78.2005
2134,38.8659,-78.1819
2135,38.8654,-78.1634
2136,38.865,-78.1449
2137,38.8645,-78.1264
2138,38.864,-78.1078
2139,38.8636,-78.0893
2140,38.8631,-78.0708
2141,38.8626,-78.0522
2142,38.8622,-78.0337
2143,38.8617,-78.0152
2144,38.8612,-77.9967
2145,38.8608,-77.9781
2146,38.8603,-77.9596
2147,38.8598,-77.9411
2148,38.8593,-77.9226
2149,38.8588,-77.9041
2150,38.8583,-77.8855
2151,38.8578,-77.867
2152,38.8573,-77.8485
2153,38.8568,-77.83
2154,38.8563,-77.8115
2155,38.8558,-77.7929
2156,38.8553,-77.7744
2157,38.8548,-77.7559
2158,38.8543,-77.7374
2159,38.8537,-77.7189
2160,38.8532,-77.7003
2161,38.8527,-77.6818
2162,38.8522,-77.6633
2163,38.8516,-77.6448
2164,38.8511,-77.6263
2165,38.8506,-77.6078
2166,38.85,-77.5893
2167,38.8495,-77.5707
2168,38.8489,-77.5522
2169,38.8484,-77.5337
2170,38.8478,-77.5152
2171,38.8473,-77.4967
2172,38.8467,-77.4782
2173,38.8462,-77.4597
2174,38.8456,-77.4412
2175,38.845,-77.4227
2176,38.8445,-77.4042
2177,38.8439,-77.3856
2178,38.8433,-77.3671
2179,38.8428,-77.3486
2180,38.8422,-77.3301
2181,38.8416,-77.3116
2182,38.841,-77.2931
2183,38.8404,-77.2746
2184,38.8398,-77.2561
2185,38.8392,-77.2376
2186,38.8386,-77.2191
2187,38.838,-77.2006
2188,38.8374,-77.1821
2189,38.8368,-77.1636
2190,38.8362,-77.1451
2191,38.8356,-77.1266
2192,38.835,-77.1081
2193,38.8344,-77.0896
2194,38.8337,-77.0711
2195,38.8331,-77.0526
2196,38.8325,-77.0341
2197,38.8589,-78.516
2198,38.8585,-78.4975
2199,38.8581,-78.4789
2200,38.8577,-78.4604
2201,38.8573,-78.4419
2202,38.8569,-78.4233
2203,38.8565,-78.4048
2204,38.8561,-78.3863
2205,38.8557,-78.3678
2206,38.8553,-78.3492
2207,38.8549,-78.3307
2208,38.8544,-78.3122
2209,38.854,-78.2937
2210,38.8536,-78.2751
2211,38.8531,-78.2566
2212,38.8527,-78.2381
2213,38.8523,-78.2196
2214,38.8518,-78.201
2215,38.8514,-78.1825
2216,38.8509,-78.164
2217,38.8505,-78.1455
2218,38.85,-78.1269
2219,38.8496,-78.1084
2220,38.8491,-78.0899
2221,38.8486,-78.0714
2222,38.8482,-78.0528
2223,38.8477,-78.0343
2224,38.8472,-78.0158
2225,38.8467,-77.9973
2226,38.8463,-77.9788
2227,38.8458,-77.9602
2228,38.8453,-77.9417
2229,38.8448,-77.9232
2230,38.8443,-77.9047
2231,38.8438,-77.8862
2232,38.8433,-77.8677
2233,38.8428,-77.8491
2234,38.8423,-77.8306
2235,38.8418,-77.8121
2236,38.8413,-77.7936
2237,38.8408,-77.7751
2238,38.8403,-77.7566
2239,38.8398,-77.738
2240,38.8393,-77.7195
2241,38.8387,-77.701
2242,38.8382,-77.6825
2243,38.8377,-77.664
2244,38.8372,-77.6455
2245,38.8366,-77.627
2246,38.8361,-77.6085
2247,38.8356,-77.59
2248,38.835,-77.5714
2249,38.8345,-77.5529
2250,38.8339,-77.5344
2251,38.8334,-77.5159
2252,38.8328,-77.4974
2253,38.8323,-77.4789
2254,38.8317,-77.4604
2255,38.8311,-77.4419
2256,38.8306,-77.4234
2257,38.83,-77.4049
2258,38.8294,-77.3864
2259,38.8289,-77.3679
2260,38.8283,-77.3494
2261,38.8277,-77.3309
2262,38.8271,-77.3124
2263,38.8265,-77.2939
2264,38.8259,-77.2754
2265,38.8253,-77.2569
2266,38.8247,-77.2384
2267,38.8242,-77.2199
2268,38.8236,-77.2014
2269,38.8229,-77.1829
2270,38.8223,-77.1644
2271,38.8217,-77.1459
2272,38.8211,-77.1274
2273,38.8205,-77.1089
2274,38.8199,-77.0904
2275,38.8193,-77.0719
2276,38.8186,-77.0534
2277,38.818,-77.0349
2278,38.8537,-78.9983
2279,38.8534,-78.9798
2280,38.8504,-78.813
2281,38.8445,-78.5165
2282,38.8441,-78.498
2283,38.8437,-78.4795
2284,38.8433,-78.4609
2285,38.8428,-78.4424
2286,38.8424,-78.4239
2287,38.842,-78.4053
2288,38.8416,-78.3868
2289,38.8412,-78.3683
2290,38.8408,-78.3498
2291,38.8404,-78.3313
2292,38.8399,-78.3127
2293,38.8395,-78.2942
2294,38.8391,-78.2757
2295,38.8386,-78.2572
2296,38.8382,-78.2386
2297,38.8378,-78.2201
2298,38.8373,-78.2016
2299,38.8369,-78.1831
2300,38.8364,-78.1646
2301,38.836,-78.146
2302,38.8355,-78.1275
2303,38.8351,-78.109
2304,38.8346,-78.0905
2305,38.8341,-78.072
2306,38.8337,-78.0534
2307,38.8332,-78.0349
2308,38.8327,-78.0164
2309,38.8323,-77.9979
2310,38.8318,-77.9794
2311,38.8313,-77.9609
2312,38.8308,-77.9423
2313,38.8303,-77.9238
2314,38.8298,-77.9053
2315,38.8294,-77.8868
2316,38.8289,-77.8683
2317,38.8284,-77.8498
2318,38.8279,-77.8313
2319,38.8274,-77.8128
2320,38.8268,-77.7942
2321,38.8263,-77.7757
2322,38.8258,-77.7572
2323,38.8253,-77.7387
2324,38.8248,-77.7202
2325,38.8243,-77.7017
2326,38.8237,-77.6832
2327,38.8232,-77.6647
2328,38.8227,-77.6462
2329,38.8222,-77.6277
2330,38.8216,-77.6092
2331,38.8211,-77.5906
2332,38.8205,-77.5721
2333,38.82,-77.5536
2334,38.8194,-77.5351
2335,38.8189,-77.5166
2336,38.8183,-77.4981
2337,38.8178,-77.4796
2338,38.8172,-77.4611
2339,38.8167,-77.4426
2340,38.8161,-77.4241
2341,38.8155,-77.4056
2342,38.815,-77.3871
2343,38.8144,-77.3686
2344,38.8138,-77.3501
2345,38.8132,-77.3316
2346,38.8126,-77.3131
2347,38.8121,-77.2946
2348,38.8115,-77.2761
2349,38.8109,-77.2576
2350,38.8103,-77.2391
2351,38.8097,-77.2206
2352,38.8091,-77.2021
2353,38.8085,-77.1836
2354,38.8079,-77.1651
2355,38.8073,-77.1467
2356,38.8066,-77.1282
2357,38.806,-77.1097
2358,38.8054,-77.0912
2359,38.8048,-77.0727
2360,38.8042,-77.0542
2361,38.8035,-77.0357
2362,38.8392,-78.9987
2363,38.8389,-78.9802
2364,38.8386,-78.9617
2365,38.8359,-78.8134
2366,38.8355,-78.7949
2367,38.8307,-78.5541
2368,38.8304,-78.5355
2369,38.83,-78.517
2370,38.8296,-78.4985
2371,38.8292,-78.48
2372,38.8288,-78.4614
2373,38.8284,-78.4429
2374,38.828,-78.4244
2375,38.8275,-78.4059
2376,38.8271,-78.3874
2377,38.8267,-78.3688
2378,38.8263,-78.3503
2379,38.8259,-78.3318
2380,38.8255,-78.3133
2381,38.825,-78.2948
2382,38.8246,-78.2762
2383,38.8242,-78.2577
2384,38.8237,-78.2392
2385,38.8233,-78.2207
2386,38.8228,-78.2022
2387,38.8224,-78.1836
2388,38.8219,-78.1651
2389,38.8215,-78.1466
2390,38.821,-78.1281
2391,38.8206,-78.1096
2392,38.8201,-78.0911
2393,38.8197,-78.0726
2394,38.8192,-78.054
2395,38.8187,-78.0355
2396,38.8183,-78.017
2397,38.8178,-77.9985
2398,38.8173,-77.98
2399,38.8168,-77.9615
2400,38.8163,-77.943
2401,38.8159,-77.9245
2402,38.8154,-77.9059
2403,38.8149,-77.8874
2404,38.8144,-77.8689
2405,38.8139,-77.8504
2406,38.8134,-77.8319
2407,38.8129,-77.8134
2408,38.8124,-77.7949
2409,38.8119,-77.7764
2410,38.8113,-77.7579
2411,38.8108,-77.7394
2412,38.8103,-77.7209
2413,38.8098,-77.7024
2414,38.8093,-77.6839
2415,38.8087,-77.6653
2416,38.8082,-77.6468
2417,38.8077,-77.6283
2418,38.8071,-77.6098
2419,38.8066,-77.5913
2420,38.8061,-77.5728
2421,38.8055,-77.5543
2422,38.805,-77.5358
2423,38.8044,-77.5173
2424,38.8039,-77.4988
2425,38.8033,-77.4803
2426,38.8027,-77.4618
2427,38.8022,-77.4433
2428,38.8016,-77.4248
2429,38.8011,-77.4063
2430,38.8005,-77.3878
2431,38.7999,-77.3693
2432,38.7993,-77.3509
2433,38.7987,-77.3324
2434,38.7982,-77.3139
2435,38.7976,-77.2954
2436,38.797,-77.2769
2437,38.7964,-77.2584
2438,38.7958,-77.2399
2439,38.7952,-77.2214
2440,38.7946,-77.2029
2441,38.794,-77.1844
2442,38.7934,-77.1659
2443,38.7928,-77.1474
2444,38.7922,-77.1289
2445,38.7916,-77.1105
2446,38.7909,-77.092
2447,38.7903,-77.0735
2448,38.7897,-77.055
2449,38.7891,-77.0365
2450,38.825,-79.0177
2451,38.8247,-78.9991
2452,38.8244,-78.9806
2453,38.8241,-78.9621
2454,38.8238,-78.9436
2455,38.8217,-78.8324
2456,38.8214,-78.8139
2457,38.8166,-78.5731
2458,38.8163,-78.5546
2459,38.8159,-78.536
2460,38.8155,-78.5175
2461,38.8151,-78.499
2462,38.8147,-78.4805
2463,38.8143,-78.462
2464,38.8139,-78.4434
2465,38.8135,-78.4249
2466,38.8131,-78.4064
2467,38.8126,-78.3879
2468,38.8122,-78.3694
2469,38.8118,-78.3508
2470,38.8114,-78.3323
2471,38.811,-78.3138
2472,38.8105,-78.2953
2473,38.8101,-78.2768
2474,38.8097,-78.2583
2475,38.8092,-78.2398
2476,38.8088,-78.2212
2477,38.8084,-78.2027
2478,38.8079,-78.1842
2479,38.8075,-78.1657
2480,38.807,-78.1472
2481,38.8066,-78.1287
2482,38.8061,-78.1102
2483,38.8056,-78.0917
2484,38.8052,-78.0731
2485,38.8047,-78.0546
2486,38.8042,-78.0361
2487,38.8038,-78.0176
2488,38.8033,-77.9991
2489,38.8028,-77.9806
2490,38.8023,-77.9621
2491,38.8019,-77.9436
2492,38.8014,-77.9251
2493,38.8009,-77.9066
2494,38.8004,-77.8881
2495,38.7999,-77.8696
2496,38.7994,-77.8511
2497,38.7989,-77.8325
2498,38.7984,-77.814
2499,38.7979,-77.7955
2500,38.7974,-77.777
2501,38.7969,-77.7585
2502,38.7964,-77.74
2503,38.7958,-77.7215
2504,38.7953,-77.703
2505,38.7948,-77.6845
2506,38.7943,-77.666
2507,38.7937,-77.6475
2508,38.7932,-77.629
2509,38.7927,-77.6105
2510,38.7921,-77.592
2511,38.7916,-77.5735
2512,38.791,-77.555
2513,38.7905,-77.5365
2514,38.7899,-77.518
2515,38.7894,-77.4995
2516,38.7888,-77.481
2517,38.7883,-77.4625
2518,38.7877,-77.4441
2519,38.7871,-77.4256
2520,38.7866,-77.4071
2521,38.786,-77.3886
2522,38.7854,-77.3701
2523,38.7849,-77.3516
2524,38.7843,-77.3331
2525,38.7837,-77.3146
2526,38.7831,-77.2961
2527,38.7825,-77.2776
2528,38.7819,-77.2591
2529,38.7813,-77.2406
2530,38.7807,-77.2222
2531,38.7801,-77.2037
2532,38.7795,-77.1852
2533,38.7789,-77.1667
2534,38.7783,-77.1482
2535,38.7777,-77.1297
2536,38.7771,-77.1112
2537,38.7765,-77.0928
2538,38.7759,-77.0743
2539,38.7752,-77.0558
2540,38.7746,-77.0373
2541,38.8105,-79.0181
2542,38.8102,-78.9995
2543,38.8099,-78.981
2544,38.8096,-78.9625
2545,38.8093,-78.944
2546,38.8089,-78.9255
2547,38.8076,-78.8514
2548,38.8073,-78.8328
2549,38.8069,-78.8143
2550,38.8022,-78.5736
2551,38.8018,-78.555
2552,38.8014,-78.5365
2553,38.801,-78.518
2554,38.8006,-78.4995
2555,38.8002,-78.481
2556,38.7998,-78.4625
2557,38.7994,-78.444
2558,38.799,-78.4254
2559,38.7986,-78.4069
2560,38.7982,-78.3884
2561,38.7977,-78.3699
2562,38.7973,-78.3514
2563,38.7969,-78.3329
2564,38.7965,-78.3144
2565,38.7961,-78.2958
2566,38.7956,-78.2773
2567,38.7952,-78.2588
2568,38.7948,-78.2403
2569,38.7943,-78.2218
2570,38.7939,-78.2033
2571,38.7934,-78.1848
2572,38.793,-78.1663
2573,38.7925,-78.1478
2574,38.7921,-78.1293
2575,38.7916,-78.1108
2576,38.7912,-78.0922
2577,38.7907,-78.0737
2578,38.7902,-78.0552
2579,38.7898,-78.0367
2580,38.7893,-78.0182
2581,38.7888,-77.9997
2582,38.7883,-77.9812
2583,38.7879,-77.9627
2584,38.7874,-77.9442
2585,38.7869,-77.9257
2586,38.7864,-77.9072
2587,38.7859,-77.8887
2588,38.7854,-77.8702
2589,38.7849,-77.8517
2590,38.7844,-77.8332
2591,38.7839,-77.8147
2592,38.7834,-77.7962
2593,38.7829,-77.7777
2594,38.7824,-77.7592
2595,38.7819,-77.7407
2596,38.7814,-77.7222
2597,38.7808,-77.7037
2598,38.7803,-77.6852
2599,38.7798,-77.6667
2600,38.7793,-77.6482
2601,38.7787,-77.6297
2602,38.7782,-77.6112
2603,38.7776,-77.5927
2604,38.7771,-77.5742
2605,38.7766,-77.5557
2606,38.776,-77.5372
2607,38.7755,-77.5187
2608,38.7749,-77.5002
2609,38.7744,-77.4818
2610,38.7738,-77.4633
2611,38.7732,-77.4448
2612,38.7727,-77.4263
2613,38.7721,-77.4078
2614,38.7715,-77.3893
2615,38.771,-77.3708
2616,38.7704,-77.3523
2617,38.7698,-77.3338
2618,38.7692,-77.3154
2619,38.7686,-77.2969
2620,38.768,-77.2784
2621,38.7675,-77.2599
2622,38.7669,-77.2414
2623,38.7663,-77.2229
2624,38.7657,-77.2044
2625,38.7651,-77.186
2626,38.7645,-77.1675
2627,38.7639,-77.149
2628,38.7632,-77.1305
2629,38.7626,-77.112
2630,38.762,-77.0935
2631,38.7614,-77.0751
2632,38.7608,-77.0566
2633,38.7601,-77.0381
2634,38.7967,-79.0555
2635,38.7964,-79.037
2636,38.796,-79.0185
2637,38.7957,-79
2638,38.7954,-78.9814
2639,38.7951,-78.9629
2640,38.7948,-78.9444
2641,38.7944,-78.9259
2642,38.7941,-78.9074
2643,38.7931,-78.8518
2644,38.7928,-78.8333
2645,38.7924,-78.8148
2646,38.7921,-78.7962
2647,38.7917,-78.7777
2648,38.788,-78.5926
2649,38.7877,-78.5741
2650,38.7873,-78.5555
2651,38.7869,-78.537
2652,38.7865,-78.5185
2653,38.7861,-78.5
2654,38.7857,-78.4815
2655,38.7853,-78.463
2656,38.7849,-78.4445
2657,38.7845,-78.426
2658,38.7841,-78.4074
2659,38.7837,-78.3889
2660,38.7833,-78.3704
2661,38.7828,-78.3519
2662,38.7824,-78.3334
2663,38.782,-78.3149
2664,38.7816,-78.2964
2665,38.7811,-78.2779
2666,38.7807,-78.2594
2667,38.7803,-78.2409
2668,38.7798,-78.2224
2669,38.7794,-78.2039
2670,38.7789,-78.1854
2671,38.7785,-78.1668
2672,38.778,-78.1483
2673,38.7776,-78.1298
2674,38.7771,-78.1113
2675,38.7767,-78.0928
2676,38.7762,-78.0743
2677,38.7757,-78.0558
2678,38.7753,-78.0373
2679,38.7748,-78.0188
2680,38.7743,-78.0003
2681,38.7739,-77.9818
2682,38.7734,-77.9633
2683,38.7729,-77.9448
2684,38.7724,-77.9263
2685,38.7719,-77.9078
2686,38.7714,-77.8893
2687,38.7709,-77.8708
2688,38.7704,-77.8523
2689,38.7699,-77.8338
2690,38.7694,-77.8153
2691,38.7689,-77.7968
2692,38.7684,-77.7783
2693,38.7679,-77.7598
2694,38.7674,-77.7413
2695,38.7669,-77.7229
2696,38.7664,-77.7044
2697,38.7658,-77.6859
2698,38.7653,-77.6674
2699,38.7648,-77.6489
2700,38.7642,-77.6304
2701,38.7637,-77.6119
2702,38.7632,-77.5934
2703,38.7626,-77.5749
2704,38.7621,-77.5564
2705,38.7615,-77.5379
2706,38.761,-77.5194
2707,38.7604,-77.501
2708,38.7599,-77.4825
2709,38.7593,-77.464
2710,38.7588,-77.4455
2711,38.7582,-77.427
2712,38.7576,-77.4085
2713,38.7571,-77.39
2714,38.7565,-77.3716
2715,38.7559,-77.3531
2716,38.7553,-77.3346
2717,38.7547,-77.3161
2718,38.7542,-77.2976
2719,38.7536,-77.2791
2720,38.753,-77.2607
2721,38.7524,-77.2422
2722,38.7518,-77.2237
2723,38.7512,-77.2052
2724,38.7506,-77.1867
2725,38.75,-77.1683
2726,38.7494,-77.1498
2727,38.7488,-77.1313
2728,38.7482,-77.1128
2729,38.7475,-77.0943
2730,38.7469,-77.0759
2731,38.7463,-77.0574
2732,38.7457,-77.0389
2733,38.7822,-79.0559
2734,38.7819,-79.0374
2735,38.7816,-79.0189
2736,38.7812,-79.0004
2737,38.7809,-78.9818
2738,38.7806,-78.9633
2739,38.7803,-78.9448
2740,38.7799,-78.9263
2741,38.7796,-78.9078
2742,38.7793,-78.8893
2743,38.7789,-78.8708
2744,38.7786,-78.8522
2745,38.7783,-78.8337
2746,38.7779,-78.8152
2747,38.7776,-78.7967
2748,38.7772,-78.7782
2749,38.7736,-78.5931
2750,38.7732,-78.5745
2751,38.7728,-78.556
2752,38.7724,-78.5375
2753,38.772,-78.519
2754,38.7716,-78.5005
2755,38.7712,-78.482
2756,38.7708,-78.4635
2757,38.7704,-78.445
2758,38.77,-78.4265
2759,38.7696,-78.408
2760,38.7692,-78.3895
2761,38.7688,-78.371
2762,38.7683,-78.3525
2763,38.7679,-78.334
2764,38.7675,-78.3154
2765,38.7671,-78.2969
2766,38.7666,-78.2784
2767,38.7662,-78.2599
2768,38.7658,-78.2414
2769,38.7653,-78.2229
2770,38.7649,-78.2044
2771,38.7645,-78.1859
2772,38.764,-78.1674
2773,38.7636,-78.1489
2774,38.7631,-78.1304
2775,38.7626,-78.1119
2776,38.7622,-78.0934
2777,38.7617,-78.0749
2778,38.7613,-78.0564
2779,38.7608,-78.0379
2780,38.7603,-78.0194
2781,38.7598,-78.0009
2782,38.7594,-77.9824
2783,38.7589,-77.9639
2784,38.7584,-77.9454
2785,38.7579,-77.9269
2786,38.7574,-77.9084
2787,38.7569,-77.89
2788,38.7565,-77.8715
2789,38.756,-77.853
2790,38.7555,-77.8345
2791,38.755,-77.816
2792,38.7544,-77.7975
2793,38.7539,-77.779
2794,38.7534,-77.7605
2795,38.7529,-77.742
2796,38.7524,-77.7235
2797,38.7519,-77.705
2798,38.7514,-77.6865
2799,38.7508,-77.668
2800,38.7503,-77.6496
2801,38.7498,-77.6311
2802,38.7492,-77.6126
2803,38.7487,-77.5941
2804,38.7481,-77.5756
2805,38.7476,-77.5571
2806,38.7471,-77.5386
2807,38.7465,-77.5201
2808,38.746,-77.5017
2809,38.7454,-77.4832
2810,38.7448,-77.4647
2811,38.7443,-77.4462
2812,38.7437,-77.4277
2813,38.7432,-77.4092
2814,38.7426,-77.3908
2815,38.742,-77.3723
2816,38.7414,-77.3538
2817,38.7409,-77.3353
2818,38.7403,-77.3168
2819,38.7397,-77.2984
2820,38.7391,-77.2799
2821,38.7385,-77.2614
2822,38.7379,-77.2429
2823,38.7373,-77.2244
2824,38.7367,-77.206
2825,38.7361,-77.1875
2826,38.7355,-77.169
2827,38.7349,-77.1506
2828,38.7343,-77.1321
2829,38.7337,-77.1136
2830,38.7331,-77.0951
2831,38.7324,-77.0767
2832,38.7318,-77.0582
2833,38.7312,-77.0397
2834,38.7677,-79.0563
2835,38.7674,-79.0378
2836,38.7671,-79.0193
2837,38.7667,-79.0008
2838,38.7664,-78.9823
2839,38.7661,-78.9637
2840,38.7658,-78.9452
2841,38.7655,-78.9267
2842,38.7651,-78.9082
2843,38.7648,-78.8897
2844,38.7645,-78.8712
2845,38.7641,-78.8527
2846,38.7638,-78.8342
2847,38.7634,-78.8156
2848,38.7631,-78.7971
2849,38.7627,-78.7786
2850,38.7624,-78.7601
2851,38.7594,-78.6121
2852,38.7591,-78.5935
2853,38.7587,-78.575
2854,38.7583,-78.5565
2855,38.7579,-78.538
2856,38.7575,-78.5195
2857,38.7571,-78.501
2858,38.7567,-78.4825
2859,38.7563,-78.464
2860,38.7559,-78.4455
2861,38.7555,-78.427
2862,38.7551,-78.4085
2863,38.7547,-78.39
2864,38.7543,-78.3715
2865,38.7539,-78.353
2866,38.7534,-78.3345
2867,38.753,-78.316
2868,38.7526,-78.2975
2869,38.7522,-78.279
2870,38.7517,-78.2605
2871,38.7513,-78.242
2872,38.7509,-78.2235
2873,38.7504,-78.205
2874,38.75,-78.1865
2875,38.7495,-78.168
2876,38.7491,-78.1495
2877,38.7486,-78.131
2878,38.7482,-78.1125
2879,38.7477,-78.094
2880,38.7472,-78.0755
2881,38.7468,-78.057
2882,38.7463,-78.0385
2883,38.7458,-78.02
2884,38.7454,-78.0015
2885,38.7449,-77.983
2886,38.7444,-77.9645
2887,38.7439,-77.9461
2888,38.7434,-77.9276
2889,38.743,-77.9091
2890,38.7425,-77.8906
2891,38.742,-77.8721
2892,38.7415,-77.8536
2893,38.741,-77.8351
2894,38.7405,-77.8166
2895,38.74,-77.7981
2896,38.7395,-77.7796
2897,38.7389,-77.7612
2898,38.7384,-77.7427
2899,38.7379,-77.7242
2900,38.7374,-77.7057
2901,38.7369,-77.6872
2902,38.7363,-77.6687
2903,38.7358,-77.6502
2904,38.7353,-77.6318
2905,38.7348,-77.6133
2906,38.7342,-77.5948
2907,38.7337,-77.5763
2908,38.7331,-77.5578
2909,38.7326,-77.5393
2910,38.732,-77.5209
2911,38.7315,-77.5024
2912,38.7309,-77.4839
2913,38.7304,-77.4654
2914,38.7298,-77.4469
2915,38.7292,-77.4285
2916,38.7287,-77.41
2917,38.7281,-77.3915
2918,38.7275,-77.373
2919,38.727,-77.3545
2920,38.7264,-77.3361
2921,38.7258,-77.3176
2922,38.7252,-77.2991
2923,38.7246,-77.2806
2924,38.724,-77.2622
2925,38.7234,-77.2437
2926,38.7229,-77.2252
2927,38.7223,-77.2067
2928,38.7217,-77.1883
2929,38.721,-77.1698
2930,38.7204,-77.1513
2931,38.7198,-77.1329
2932,38.7192,-77.1144
2933,38.7186,-77.0959
2934,38.718,-77.0774
2935,38.7174,-77.059
2936,38.7167,-77.0405
2937,38.7535,-79.0752
2938,38.7532,-79.0567
2939,38.7529,-79.0382
2940,38.7526,-79.0197
2941,38.7523,-79.0012
2942,38.7519,-78.9827
2943,38.7516,-78.9641
2944,38.7513,-78.9456
2945,38.751,-78.9271
2946,38.7506,-78.9086
2947,38.7503,-78.8901
2948,38.75,-78.8716
2949,38.7496,-78.8531
2950,38.7493,-78.8346
2951,38.7489,-78.8161
2952,38.7486,-78.7976
2953,38.7482,-78.7791
2954,38.7479,-78.7606
2955,38.7475,-78.7421
2956,38.7472,-78.7236
2957,38.7468,-78.7051
2958,38.7464,-78.6866
2959,38.7453,-78.631
2960,38.745,-78.6125
2961,38.7446,-78.594
2962,38.7442,-78.5755
2963,38.7438,-78.557
2964,38.7434,-78.5385
2965,38.743,-78.52
2966,38.7426,-78.5015
2967,38.7422,-78.483
2968,38.7418,-78.4645
2969,38.7414,-78.446
2970,38.741,-78.4275
2971,38.7406,-78.409
2972,38.7402,-78.3905
2973,38.7398,-78.372
2974,38.7394,-78.3535
2975,38.739,-78.335
2976,38.7385,-78.3165
2977,38.7381,-78.298
2978,38.7377,-78.2795
2979,38.7372,-78.261
2980,38.7368,-78.2425
2981,38.7364,-78.2241
2982,38.7359,-78.2056
2983,38.7355,-78.1871
2984,38.735,-78.1686
2985,38.7346,-78.1501
2986,38.7341,-78.1316
2987,38.7337,-78.1131
2988,38.7332,-78.0946
2989,38.7328,-78.0761
2990,38.7323,-78.0576
2991,38.7318,-78.0391
2992,38.7314,-78.0206
2993,38.7309,-78.0021
2994,38.7304,-77.9837
2995,38.7299,-77.9652
2996,38.7294,-77.9467
2997,38.729,-77.9282
2998,38.7285,-77.9097
2999,38.728,-77.8912
3000,38.7275,-77.8727
3001,38.727,-77.8542
3002,38.7265,-77.8357
3003,38.726,-77.8173
3004,38.7255,-77.7988
3005,38.725,-77.7803
3006,38.7245,-77.7618
3007,38.724,-77.7433
3008,38.7234,-77.7248
3009,38.7229,-77.7064
3010,38.7224,-77.6879
3011,38.7219,-77.6694
3012,38.7213,-77.6509
3013,38.7208,-77.6324
3014,38.7203,-77.614
3015,38.7197,-77.5955
3016,38.7192,-77.577
3017,38.7187,-77.5585
3018,38.7181,-77.54
3019,38.7176,-77.5216
3020,38.717,-77.5031
3021,38.7165,-77.4846
3022,38.7159,-77.4661
3023,38.7153,-77.4476
3024,38.7148,-77.4292
3025,38.7142,-77.4107
3026,38.7136,-77.3922
3027,38.7131,-77.3737
3028,38.7125,-77.3553
3029,38.7119,-77.3368
3030,38.7113,-77.3183
3031,38.7107,-77.2999
3032,38.7102,-77.2814
3033,38.7096,-77.2629
3034,38.709,-77.2444
3035,38.7084,-77.226
3036,38.7078,-77.2075
3037,38.7072,-77.189
3038,38.7066,-77.1706
3039,38.706,-77.1521
3040,38.7054,-77.1336
3041,38.7047,-77.1152
3042,38.7041,-77.0967
3043,38.7035,-77.0782
3044,38.7029,-77.0598
3045,38.739,-79.0756
3046,38.7387,-79.0571
3047,38.7384,-79.0386
3048,38.7381,-79.0201
3049,38.7378,-79.0016
3050,38.7374,-78.9831
3051,38.7371,-78.9646
3052,38.7368,-78.9461
3053,38.7365,-78.9276
3054,38.7361,-78.909
3055,38.7358,-78.8905
3056,38.7355,-78.872
3057,38.7351,-78.8535
3058,38.7348,-78.835
3059,38.7344,-78.8165
3060,38.7341,-78.798
3061,38.7337,-78.7795
3062,38.7334,-78.761
3063,38.733,-78.7425
3064,38.7327,-78.724
3065,38.7323,-78.7055
3066,38.732,-78.687
3067,38.7316,-78.6685
3068,38.7312,-78.65
3069,38.7308,-78.6315
3070,38.7305,-78.613
3071,38.7301,-78.5945
3072,38.7297,-78.576
3073,38.7293,-78.5575
3074,38.7289,-78.539
3075,38.7285,-78.5205
3076,38.7281,-78.502
3077,38.7277,-78.4835
3078,38.7273,-78.465
3079,38.7269,-78.4465
3080,38.7265,-78.428
3081,38.7261,-78.4095
3082,38.7257,-78.3911
3083,38.7253,-78.3726
3084,38.7249,-78.3541
3085,38.7245,-78.3356
3086,38.724,-78.3171
3087,38.7236,-78.2986
3088,38.7232,-78.2801
3089,38.7228,-78.2616
3090,38.7223,-78.2431
3091,38.7219,-78.2246
3092,38.7214,-78.2061
3093,38.721,-78.1876
3094,38.7206,-78.1691
3095,38.7201,-78.1507
3096,38.7197,-78.1322
3097,38.7192,-78.1137
3098,38.7187,-78.0952
3099,38.7183,-78.0767
3100,38.7178,-78.0582
3101,38.7173,-78.0397
3102,38.7169,-78.0212
3103,38.7164,-78.0027
3104,38.7159,-77.9843
3105,38.7154,-77.9658
3106,38.715,-77.9473
3107,38.7145,-77.9288
3108,38.714,-77.9103
3109,38.7135,-77.8918
3110,38.713,-77.8734
3111,38.7125,-77.8549
3112,38.712,-77.8364
3113,38.7115,-77.8179
3114,38.711,-77.7994
3115,38.7105,-77.7809
3116,38.71,-77.7625
3117,38.7095,-77.744
3118,38.709,-77.7255
3119,38.7084,-77.707
3120,38.7079,-77.6885
3121,38.7074,-77.6701
3122,38.7069,-77.6516
3123,38.7063,-77.6331
3124,38.7058,-77.6146
3125,38.7053,-77.5962
3126,38.7047,-77.5777
3127,38.7042,-77.5592
3128,38.7036,-77.5407
3129,38.7031,-77.5223
3130,38.7025,-77.5038
3131,38.702,-77.4853
3132,38.7014,-77.4668
3133,38.7009,-77.4484
3134,38.7003,-77.4299
3135,38.6997,-77.4114
3136,38.6992,-77.393
3137,38.6986,-77.3745
3138,38.698,-77.356
3139,38.6974,-77.3375
3140,38.6969,-77.3191
3141,38.6963,-77.3006
3142,38.6957,-77.2821
3143,38.6951,-77.2637
3144,38.6945,-77.2452
3145,38.6939,-77.2267
3146,38.6933,-77.2083
3147,38.6927,-77.1898
3148,38.6921,-77.1713
3149,38.6915,-77.1529
3150,38.6909,-77.1344
3151,38.6903,-77.116
3152,38.6897,-77.0975
3153,38.7248,-79.0945
3154,38.7245,-79.076
3155,38.7242,-79.0575
3156,38.7239,-79.039
3157,38.7236,-79.0205
3158,38.7233,-79.002
3159,38.7229,-78.9835
3160,38.7226,-78.965
3161,38.7223,-78.9465
3162,38.722,-78.928
3163,38.7216,-78.9095
3164,38.7213,-78.891
3165,38.721,-78.8725
3166,38.7206,-78.854
3167,38.7203,-78.8355
3168,38.72,-78.817
3169,38.7196,-78.7985
3170,38.7193,-78.78
3171,38.7189,-78.7615
3172,38.7185,-78.743
3173,38.7182,-78.7245
3174,38.7178,-78.706
3175,38.7175,-78.6875
3176,38.7171,-78.669
3177,38.7167,-78.6505
3178,38.7164,-78.632
3179,38.716,-78.6135
3180,38.7156,-78.595
3181,38.7152,-78.5765
3182,38.7148,-78.558
3183,38.7144,-78.5395
3184,38.714,-78.521
3185,38.7137,-78.5025
3186,38.7133,-78.484
3187,38.7129,-78.4655
3188,38.7125,-78.4471
3189,38.7121,-78.4286
3190,38.7116,-78.4101
3191,38.7112,-78.3916
3192,38.7108,-78.3731
3193,38.7104,-78.3546
3194,38.71,-78.3361
3195,38.7096,-78.3176
3196,38.7091,-78.2991
3197,38.7087,-78.2806
3198,38.7083,-78.2622
3199,38.7078,-78.2437
3200,38.7074,-78.2252
3201,38.707,-78.2067
3202,38.7065,-78.1882
3203,38.7061,-78.1697
3204,38.7056,-78.1512
3205,38.7052,-78.1327
3206,38.7047,-78.1143
3207,38.7043,-78.0958
3208,38.7038,-78.0773
3209,38.7033,-78.0588
3210,38.7029,-78.0403
3211,38.7024,-78.0218
3212,38.7019,-78.0033
3213,38.7014,-77.9849
3214,38.701,-77.9664
3215,38.7005,-77.9479
3216,38.7,-77.9294
3217,38.6995,-77.9109
3218,38.699,-77.8925
3219,38.6985,-77.874
3220,38.698,-77.8555
3221,38.6975,-77.837
3222,38.697,-77.8186
3223,38.6965,-77.8001
3224,38.696,-77.7816
3225,38.6955,-77.7631
3226,38.695,-77.7446
3227,38.6945,-77.7262
3228,38.694,-77.7077
3229,38.6934,-77.6892
3230,38.6929,-77.6707
3231,38.6924,-77.6523
3232,38.6919,-77.6338
3233,38.6913,-77.6153
3234,38.6908,-77.5968
3235,38.6902,-77.5784
3236,38.6897,-77.5599
3237,38.6892,-77.5414
3238,38.6886,-77.523
3239,38.6881,-77.5045
3240,38.6875,-77.486
3241,38.6869,-77.4676
3242,38.6864,-77.4491
3243,38.6858,-77.4306
3244,38.6853,-77.4121
3245,38.6847,-77.3937
3246,38.6841,-77.3752
3247,38.6835,-77.3567
3248,38.683,-77.3383
3249,38.6824,-77.3198
3250,38.6818,-77.3014
3251,38.6812,-77.2829
3252,38.6806,-77.2644
3253,38.68,-77.246
3254,38.6794,-77.2275
3255,38.6788,-77.209
3256,38.6782,-77.1906
3257,38.6776,-77.1721
3258,38.677,-77.1537
3259,38.6764,-77.1352
3260,38.6758,-77.1167
3261,38.7103,-79.0949
3262,38.71,-79.0764
3263,38.7097,-79.0579
3264,38.7094,-79.0394
3265,38.7091,-79.0209
3266,38.7088,-79.0024
3267,38.7085,-78.9839
3268,38.7081,-78.9654
3269,38.7078,-78.9469
3270,38.7075,-78.9284
3271,38.7071,-78.9099
3272,38.7068,-78.8914
3273,38.7065,-78.8729
3274,38.7061,-78.8544
3275,38.7058,-78.8359
3276,38.7055,-78.8174
3277,38.7051,-78.7989
3278,38.7048,-78.7804
3279,38.7044,-78.7619
3280,38.7041,-78.7434
3281,38.7037,-78.7249
3282,38.7033,-78.7064
3283,38.703,-78.688
3284,38.7026,-78.6695
3285,38.7022,-78.651
3286,38.7019,-78.6325
3287,38.7015,-78.614
3288,38.7011,-78.5955
3289,38.7007,-78.577
3290,38.7003,-78.5585
3291,38.6999,-78.54
3292,38.6996,-78.5215
3293,38.6992,-78.503
3294,38.6988,-78.4846
3295,38.6984,-78.4661
3296,38.698,-78.4476
3297,38.6976,-78.4291
3298,38.6972,-78.4106
3299,38.6967,-78.3921
3300,38.6963,-78.3736
3301,38.6959,-78.3551
3302,38.6955,-78.3366
3303,38.6951,-78.3182
3304,38.6946,-78.2997
3305,38.6942,-78.2812
3306,38.6938,-78.2627
3307,38.6933,-78.2442
3308,38.6929,-78.2257
3309,38.6925,-78.2073
3310,38.692,-78.1888
3311,38.6916,-78.1703
3312,38.6911,-78.1518
3313,38.6907,-78.1333
3314,38.6902,-78.1148
3315,38.6898,-78.0964
3316,38.6893,-78.0779
3317,38.6888,-78.0594
3318,38.6884,-78.0409
3319,38.6879,-78.0224
3320,38.6874,-78.004
3321,38.687,-77.9855
3322,38.6865,-77.967
3323,38.686,-77.9485
3324,38.6855,-77.93
3325,38.685,-77.9116
3326,38.6845,-77.8931
3327,38.684,-77.8746
3328,38.6836,-77.8561
3329,38.6831,-77.8377
3330,38.6826,-77.8192
3331,38.682,-77.8007
3332,38.6815,-77.7822
3333,38.681,-77.7638
3334,38.6805,-77.7453
3335,38.68,-77.7268
3336,38.6795,-77.7084
3337,38.679,-77.6899
3338,38.6784,-77.6714
3339,38.6779,-77.6529
3340,38.6774,-77.6345
3341,38.6768,-77.616
3342,38.6763,-77.5975
3343,38.6758,-77.5791
3344,38.6752,-77.5606
3345,38.6747,-77.5421
3346,38.6741,-77.5237
3347,38.6736,-77.5052
3348,38.673,-77.4867
3349,38.6725,-77.4683
3350,38.6719,-77.4498
3351,38.6713,-77.4313
3352,38.6708,-77.4129
3353,38.6702,-77.3944
3354,38.6696,-77.3759
3355,38.6691,-77.3575
3356,38.6685,-77.339
3357,38.6679,-77.3206
3358,38.6673,-77.3021
3359,38.6667,-77.2836
3360,38.6662,-77.2652
3361,38.6656,-77.2467
3362,38.665,-77.2283
3363,38.6644,-77.2098
3364,38.6638,-77.1913
3365,38.6632,-77.1729
3366,38.6626,-77.1544
3367,38.6619,-77.136
3368,38.6958,-79.0953
3369,38.6955,-79.0768
3370,38.6952,-79.0583
3371,38.6949,-79.0398
3372,38.6946,-79.0213
3373,38.6943,-79.0028
3374,38.694,-78.9843
3375,38.6936,-78.9658
3376,38.6933,-78.9473
3377,38.693,-78.9288
3378,38.6927,-78.9103
3379,38.6923,-78.8918
3380,38.692,-78.8733
3381,38.6917,-78.8548
3382,38.6913,-78.8363
3383,38.691,-78.8179
3384,38.6906,-78.7994
3385,38.6903,-78.7809
3386,38.6899,-78.7624
3387,38.6896,-78.7439
3388,38.6892,-78.7254
3389,38.6888,-78.7069
3390,38.6885,-78.6884
3391,38.6881,-78.6699
3392,38.6877,-78.6514
3393,38.6874,-78.6329
3394,38.687,-78.6145
3395,38.6866,-78.596
3396,38.6862,-78.5775
3397,38.6858,-78.559
3398,38.6855,-78.5405
3399,38.6851,-78.522
3400,38.6847,-78.5035
3401,38.6843,-78.4851
3402,38.6839,-78.4666
3403,38.6835,-78.4481
3404,38.6831,-78.4296
3405,38.6827,-78.4111
3406,38.6823,-78.3926
3407,38.6818,-78.3741
3408,38.6814,-78.3557
3409,38.681,-78.3372
3410,38.6806,-78.3187
3411,38.6802,-78.3002
3412,38.6797,-78.2817
3413,38.6793,-78.2633
3414,38.6789,-78.2448
3415,38.6784,-78.2263
3416,38.678,-78.2078
3417,38.6775,-78.1893
3418,38.6771,-78.1709
3419,38.6766,-78.1524
3420,38.6762,-78.1339
3421,38.6757,-78.1154
3422,38.6753,-78.0969
3423,38.6748,-78.0785
3424,38.6744,-78.06
3425,38.6739,-78.0415
3426,38.6734,-78.023
3427,38.673,-78.0046
3428,38.6725,-77.9861
3429,38.672,-77.9676
3430,38.6715,-77.9491
3431,38.671,-77.9307
3432,38.6705,-77.9122
3433,38.6701,-77.8937
3434,38.6696,-77.8752
3435,38.6691,-77.8568
3436,38.6686,-77.8383
3437,38.6681,-77.8198
3438,38.6676,-77.8014
3439,38.6671,-77.7829
3440,38.6665,-77.7644
3441,38.666,-77.7459
3442,38.6655,-77.7275
3443,38.665,-77.709
3444,38.6645,-77.6905
3445,38.664,-77.6721
3446,38.6634,-77.6536
3447,38.6629,-77.6351
3448,38.6624,-77.6167
3449,38.6618,-77.5982
3450,38.6613,-77.5798
3451,38.6607,-77.5613
3452,38.6602,-77.5428
3453,38.6597,-77.5244
3454,38.6591,-77.5059
3455,38.6586,-77.4874
3456,38.658,-77.469
3457,38.6574,-77.4505
3458,38.6569,-77.4321
3459,38.6563,-77.4136
3460,38.6557,-77.3951
3461,38.6552,-77.3767
3462,38.6546,-77.3582
3463,38.654,-77.3398
3464,38.6534,-77.3213
3465,38.6529,-77.3028
3466,38.6523,-77.2844
3467,38.6517,-77.2659
3468,38.6511,-77.2475
3469,38.6505,-77.229
3470,38.6499,-77.2106
3471,38.6493,-77.1921
3472,38.6487,-77.1737
3473,38.6481,-77.1552
3474,38.6475,-77.1367
3475,38.6813,-79.0956
3476,38.681,-79.0772
3477,38.6807,-79.0587
3478,38.6804,-79.0402
3479,38.6801,-79.0217
3480,38.6798,-79.0032
3481,38.6795,-78.9847
3482,38.6791,-78.9662
3483,38.6788,-78.9477
3484,38.6785,-78.9292
3485,38.6782,-78.9107
3486,38.6778,-78.8923
3487,38.6775,-78.8738
3488,38.6772,-78.8553
3489,38.6768,-78.8368
3490,38.6765,-78.8183
3491,38.6761,-78.7998
3492,38.6758,-78.7813
3493,38.6754,-78.7628
3494,38.6751,-78.7443
3495,38.6747,-78.7259
3496,38.6744,-78.7074
3497,38.674,-78.6889
3498,38.6736,-78.6704
3499,38.6732,-78.6519
3500,38.6729,-78.6334
3501,38.6725,-78.6149
3502,38.6721,-78.5965
3503,38.6717,-78.578
3504,38.6714,-78.5595
3505,38.671,-78.541
3506,38.6706,-78.5225
3507,38.6702,-78.504
3508,38.6698,-78.4856
3509,38.6694,-78.4671
3510,38.669,-78.4486
3511,38.6686,-78.4301
3512,38.6682,-78.4116
3513,38.6678,-78.3932
3514,38.6674,-78.3747
3515,38.6669,-78.3562
3516,38.6665,-78.3377
3517,38.6661,-78.3192
3518,38.6657,-78.3008
3519,38.6652,-78.2823
3520,38.6648,-78.2638
3521,38.6644,-78.2453
3522,38.6639,-78.2269
3523,38.6635,-78.2084
3524,38.6631,-78.1899
3525,38.6626,-78.1714
3526,38.6622,-78.153
3527,38.6617,-78.1345
3528,38.6613,-78.116
3529,38.6608,-78.0975
3530,38.6603,-78.0791
3531,38.6599,-78.0606
3532,38.6594,-78.0421
3533,38.6589,-78.0236
3534,38.6585,-78.0052
3535,38.658,-77.9867
3536,38.6575,-77.9682
3537,38.657,-77.9498
3538,38.6566,-77.9313
3539,38.6561,-77.9128
3540,38.6556,-77.8943
3541,38.6551,-77.8759
3542,38.6546,-77.8574
3543,38.6541,-77.8389
3544,38.6536,-77.8205
3545,38.6531,-77.802
3546,38.6526,-77.7835
3547,38.6521,-77.7651
3548,38.6516,-77.7466
3549,38.651,-77.7281
3550,38.6505,-77.7097
3551,38.65,-77.6912
3552,38.6495,-77.6728
3553,38.6489,-77.6543
3554,38.6484,-77.6358
3555,38.6479,-77.6174
3556,38.6474,-77.5989
3557,38.6468,-77.5804
3558,38.6463,-77.562
3559,38.6457,-77.5435
3560,38.6452,-77.5251
3561,38.6446,-77.5066
3562,38.6441,-77.4881
3563,38.6435,-77.4697
3564,38.643,-77.4512
3565,38.6424,-77.4328
3566,38.6418,-77.4143
3567,38.6413,-77.3959
3568,38.6407,-77.3774
3569,38.6401,-77.3589
3570,38.6395,-77.3405
3571,38.639,-77.322
3572,38.6384,-77.3036
3573,38.6378,-77.2851
3574,38.6372,-77.2667
3575,38.6366,-77.2482
3576,38.636,-77.2298
3577,38.6354,-77.2113
3578,38.6348,-77.1929
3579,38.6342,-77.1744
3580,38.6336,-77.156
3581,38.633,-77.1375
3582,38.6671,-79.1145
3583,38.6668,-79.096
3584,38.6665,-79.0775
3585,38.6662,-79.0591
3586,38.6659,-79.0406
3587,38.6656,-79.0221
3588,38.6653,-79.0036
3589,38.665,-78.9851
3590,38.6646,-78.9666
3591,38.6643,-78.9481
3592,38.664,-78.9296
3593,38.6637,-78.9112
3594,38.6633,-78.8927
3595,38.663,-78.8742
3596,38.6627,-78.8557
3597,38.6623,-78.8372
3598,38.662,-78.8187
3599,38.6616,-78.8002
3600,38.6613,-78.7818
3601,38.6609,-78.7633
3602,38.6606,-78.7448
3603,38.6602,-78.7263
3604,38.6599,-78.7078
3605,38.6595,-78.6894
3606,38.6591,-78.6709
3607,38.6588,-78.6524
3608,38.6584,-78.6339
3609,38.658,-78.6154
3610,38.6576,-78.5969
3611,38.6572,-78.5785
3612,38.6569,-78.56
3613,38.6565,-78.5415
3614,38.6561,-78.523
3615,38.6557,-78.5045
3616,38.6553,-78.4861
3617,38.6549,-78.4676
3618,38.6545,-78.4491
3619,38.6541,-78.4306
3620,38.6537,-78.4122
3621,38.6533,-78.3937
3622,38.6529,-78.3752
3623,38.6524,-78.3567
3624,38.652,-78.3383
3625,38.6516,-78.3198
3626,38.6512,-78.3013
3627,38.6508,-78.2828
3628,38.6503,-78.2644
3629,38.6499,-78.2459
3630,38.6495,-78.2274
3631,38.649,-78.2089
3632,38.6486,-78.1905
3633,38.6481,-78.172
3634,38.6477,-78.1535
3635,38.6472,-78.1351
3636,38.6468,-78.1166
3637,38.6463,-78.0981
3638,38.6459,-78.0796
3639,38.6454,-78.0612
3640,38.6449,-78.0427
3641,38.6445,-78.0242
3642,38.644,-78.0058
3643,38.6435,-77.9873
3644,38.643,-77.9688
3645,38.6426,-77.9504
3646,38.6421,-77.9319
3647,38.6416,-77.9134
3648,38.6411,-77.895
3649,38.6406,-77.8765
3650,38.6401,-77.858
3651,38.6396,-77.8396
3652,38.6391,-77.8211
3653,38.6386,-77.8027
3654,38.6381,-77.7842
3655,38.6376,-77.7657
3656,38.6371,-77.7473
3657,38.6366,-77.7288
3658,38.636,-77.7103
3659,38.6355,-77.6919
3660,38.635,-77.6734
3661,38.6345,-77.655
3662,38.6339,-77.6365
3663,38.6334,-77.618
3664,38.6329,-77.5996
3665,38.6323,-77.5811
3666,38.6318,-77.5627
3667,38.6312,-77.5442
3668,38.6307,-77.5258
3669,38.6301,-77.5073
3670,38.6296,-77.4889
3671,38.629,-77.4704
3672,38.6285,-77.4519
3673,38.6279,-77.4335
3674,38.6274,-77.415
3675,38.6268,-77.3966
3676,38.6262,-77.3781
3677,38.6256,-77.3597
3678,38.6251,-77.3412
3679,38.6245,-77.3228
3680,38.6239,-77.3043
3681,38.6233,-77.2859
3682,38.6227,-77.2674
3683,38.6221,-77.249
3684,38.6216,-77.2305
3685,38.621,-77.2121
3686,38.6204,-77.1936
3687,38.6198,-77.1752
3688,38.6191,-77.1568
3689,38.6529,-79.1334
3690,38.6526,-79.1149
3691,38.6523,-79.0964
3692,38.652,-79.0779
3693,38.6517,-79.0594
3694,38.6514,-79.041
3695,38.6511,-79.0225
3696,38.6508,-79.004
3697,38.6505,-78.9855
3698,38.6502,-78.967
3699,38.6498,-78.9485
3700,38.6495,-78.9301
3701,38.6492,-78.9116
3702,38.6488,-78.8931
3703,38.6485,-78.8746
3704,38.6482,-78.8561
3705,38.6478,-78.8377
3706,38.6475,-78.8192
3707,38.6471,-78.8007
3708,38.6468,-78.7822
3709,38.6464,-78.7637
3710,38.6461,-78.7453
3711,38.6457,-78.7268
3712,38.6454,-78.7083
3713,38.645,-78.6898
3714,38.6446,-78.6713
3715,38.6443,-78.6529
3716,38.6439,-78.6344
3717,38.6435,-78.6159
3718,38.6431,-78.5974
3719,38.6428,-78.579
3720,38.6424,-78.5605
3721,38.642,-78.542
3722,38.6416,-78.5235
3723,38.6412,-78.5051
3724,38.6408,-78.4866
3725,38.6404,-78.4681
3726,38.64,-78.4496
3727,38.6396,-78.4312
3728,38.6392,-78.4127
3729,38.6388,-78.3942
3730,38.6384,-78.3757
3731,38.638,-78.3573
3732,38.6375,-78.3388
3733,38.6371,-78.3203
3734,38.6367,-78.3018
3735,38.6363,-78.2834
3736,38.6358,-78.2649
3737,38.6354,-78.2464
3738,38.635,-78.228
3739,38.6345,-78.2095
3740,38.6341,-78.191
3741,38.6336,-78.1726
3742,38.6332,-78.1541
3743,38.6327,-78.1356
3744,38.6323,-78.1172
3745,38.6318,-78.0987
3746,38.6314,-78.0802
3747,38.6309,-78.0618
3748,38.6304,-78.0433
3749,38.63,-78.0248
3750,38.6295,-78.0064
3751,38.629,-77.9879
3752,38.6285,-77.9694
3753,38.6281,-77.951
3754,38.6276,-77.9325
3755,38.6271,-77.9141
3756,38.6266,-77.8956
3757,38.6261,-77.8771
3758,38.6256,-77.8587
3759,38.6251,-77.8402
3760,38.6246,-77.8218
3761,38.6241,-77.8033
3762,38.6236,-77.7848
3763,38.6231,-77.7664
3764,38.6226,-77.7479
3765,38.6221,-77.7295
3766,38.6216,-77.711
3767,38.621,-77.6926
3768,38.6205,-77.6741
3769,38.62,-77.6556
3770,38.6195,-77.6372
3771,38.6189,-77.6187
3772,38.6184,-77.6003
3773,38.6179,-77.5818
3774,38.6173,-77.5634
3775,38.6168,-77.5449
3776,38.6162,-77.5265
3777,38.6157,-77.508
3778,38.6151,-77.4896
3779,38.6146,-77.4711
3780,38.614,-77.4527
3781,38.6134,-77.4342
3782,38.6129,-77.4158
3783,38.6123,-77.3973
3784,38.6117,-77.3789
3785,38.6112,-77.3604
3786,38.6106,-77.342
3787,38.61,-77.3235
3788,38.6094,-77.3051
3789,38.6088,-77.2866
3790,38.6083,-77.2682
3791,38.6077,-77.2497
3792,38.6071,-77.2313
3793,38.6065,-77.2129
3794,38.6387,-79.1522
3795,38.6384,-79.1338
3796,38.6381,-79.1153
3797,38.6378,-79.0968
3798,38.6375,-79.0783
3799,38.6372,-79.0598
3800,38.6369,-79.0414
3801,38.6366,-79.0229
3802,38.6363,-79.0044
3803,38.636,-78.9859
3804,38.6357,-78.9674
3805,38.6353,-78.949
3806,38.635,-78.9305
3807,38.6347,-78.912
3808,38.6343,-78.8935
3809,38.634,-78.875
3810,38.6337,-78.8566
3811,38.6333,-78.8381
3812,38.633,-78.8196
3813,38.6326,-78.8011
3814,38.6323,-78.7827
3815,38.632,-78.7642
3816,38.6316,-78.7457
3817,38.6312,-78.7272
3818,38.6309,-78.7088
3819,38.6305,-78.6903
3820,38.6301,-78.6718
3821,38.6298,-78.6533
3822,38.6294,-78.6349
3823,38.629,-78.6164
3824,38.6287,-78.5979
3825,38.6283,-78.5794
3826,38.6279,-78.561
3827,38.6275,-78.5425
3828,38.6271,-78.524
3829,38.6267,-78.5056
3830,38.6263,-78.4871
3831,38.6259,-78.4686
3832,38.6255,-78.4501
3833,38.6251,-78.4317
3834,38.6247,-78.4132
3835,38.6243,-78.3947
3836,38.6239,-78.3763
3837,38.6235,-78.3578
3838,38.6231,-78.3393
3839,38.6226,-78.3209
3840,38.6222,-78.3024
3841,38.6218,-78.2839
3842,38.6213,-78.2655
3843,38.6209,-78.247
3844,38.6205,-78.2285
3845,38.62,-78.2101
3846,38.6196,-78.1916
3847,38.6192,-78.1731
3848,38.6187,-78.1547
3849,38.6183,-78.1362
3850,38.6178,-78.1177
3851,38.6173,-78.0993
3852,38.6169,-78.0808
3853,38.6164,-78.0624
3854,38.616,-78.0439
3855,38.6155,-78.0254
3856,38.615,-78.007
3857,38.6145,-77.9885
3858,38.6141,-77.9701
3859,38.6136,-77.9516
3860,38.6131,-77.9331
3861,38.6126,-77.9147
3862,38.6121,-77.8962
3863,38.6116,-77.8778
3864,38.6111,-77.8593
3865,38.6106,-77.8409
3866,38.6101,-77.8224
3867,38.6096,-77.8039
3868,38.6091,-77.7855
3869,38.6086,-77.767
3870,38.6081,-77.7486
3871,38.6076,-77.7301
3872,38.6071,-77.7117
3873,38.6066,-77.6932
3874,38.606,-77.6748
3875,38.6055,-77.6563
3876,38.605,-77.6379
3877,38.6045,-77.6194
3878,38.6039,-77.601
3879,38.6034,-77.5825
3880,38.6028,-77.5641
3881,38.6023,-77.5456
3882,38.6017,-77.5272
3883,38.6012,-77.5087
3884,38.6006,-77.4903
3885,38.6001,-77.4718
3886,38.5995,-77.4534
3887,38.599,-77.4349
3888,38.5984,-77.4165
3889,38.5978,-77.398
3890,38.5973,-77.3796
3891,38.5967,-77.3611
3892,38.5961,-77.3427
3893,38.5955,-77.3243
3894,38.595,-77.3058
3895,38.5944,-77.2874
3896,38.5938,-77.2689
3897,38.5932,-77.2505
3898,38.5926,-77.2321
3899,38.6242,-79.1526
3900,38.6239,-79.1341
3901,38.6236,-79.1157
3902,38.6233,-79.0972
3903,38.623,-79.0787
3904,38.6227,-79.0602
3905,38.6224,-79.0417
3906,38.6221,-79.0233
3907,38.6218,-79.0048
3908,38.6215,-78.9863
3909,38.6212,-78.9678
3910,38.6208,-78.9494
3911,38.6205,-78.9309
3912,38.6202,-78.9124
3913,38.6199,-78.8939
3914,38.6195,-78.8755
3915,38.6192,-78.857
3916,38.6188,-78.8385
3917,38.6185,-78.8201
3918,38.6182,-78.8016
3919,38.6178,-78.7831
3920,38.6175,-78.7646
3921,38.6171,-78.7462
3922,38.6167,-78.7277
3923,38.6164,-78.7092
3924,38.616,-78.6908
3925,38.6157,-78.6723
3926,38.6153,-78.6538
3927,38.6149,-78.6353
3928,38.6145,-78.6169
3929,38.6142,-78.5984
3930,38.6138,-78.5799
3931,38.6134,-78.5615
3932,38.613,-78.543
3933,38.6126,-78.5245
3934,38.6122,-78.5061
3935,38.6118,-78.4876
3936,38.6114,-78.4691
3937,38.611,-78.4507
3938,38.6106,-78.4322
3939,38.6102,-78.4137
3940,38.6098,-78.3953
3941,38.6094,-78.3768
3942,38.609,-78.3583
3943,38.6086,-78.3399
3944,38.6081,-78.3214
3945,38.6077,-78.3029
3946,38.6073,-78.2845
3947,38.6069,-78.266
3948,38.6064,-78.2476
3949,38.606,-78.2291
3950,38.6056,-78.2106
3951,38.6051,-78.1922
3952,38.6047,-78.1737
3953,38.6042,-78.1552
3954,38.6038,-78.1368
3955,38.6033,-78.1183
3956,38.6029,-78.0999
3957,38.6024,-78.0814
3958,38.6019,-78.063
3959,38.6015,-78.0445
3960,38.601,-78.026
3961,38.6005,-78.0076
3962,38.6001,-77.9891
3963,38.5996,-77.9707
3964,38.5991,-77.9522
3965,38.5986,-77.9338
3966,38.5981,-77.9153
3967,38.5976,-77.8968
3968,38.5972,-77.8784
3969,38.5967,-77.8599
3970,38.5962,-77.8415
3971,38.5957,-77.823
3972,38.5952,-77.8046
3973,38.5947,-77.7861
3974,38.5941,-77.7677
3975,38.5936,-77.7492
3976,38.5931,-77.7308
3977,38.5926,-77.7123
3978,38.5921,-77.6939
3979,38.5916,-77.6754
3980,38.591,-77.657
3981,38.5905,-77.6385
3982,38.59,-77.6201
3983,38.5894,-77.6016
3984,38.5889,-77.5832
3985,38.5884,-77.5647
3986,38.5878,-77.5463
3987,38.5873,-77.5279
3988,38.5867,-77.5094
3989,38.5862,-77.491
3990,38.5856,-77.4725
3991,38.5851,-77.4541
3992,38.5845,-77.4356
3993,38.5839,-77.4172
3994,38.5834,-77.3988
3995,38.5828,-77.3803
3996,38.5822,-77.3619
3997,38.5816,-77.3434
3998,38.5811,-77.325
3999,38.5805,-77.3066
4000,38.5799,-77.2881
4001,38.5793,-77.2697
4002,38.5787,-77.2512
4003,38.6097,-79.153
4004,38.6094,-79.1345
4005,38.6091,-79.116
4006,38.6088,-79.0976
4007,38.6085,-79.0791
4008,38.6082,-79.0606
4009,38.6079,-79.0421
4010,38.6076,-79.0237
4011,38.6073,-79.0052
4012,38.607,-78.9867
4013,38.6067,-78.9683
4014,38.6063,-78.9498
4015,38.606,-78.9313
4016,38.6057,-78.9128
4017,38.6054,-78.8944
4018,38.605,-78.8759
4019,38.6047,-78.8574
4020,38.6044,-78.839
4021,38.604,-78.8205
4022,38.6037,-78.802
4023,38.6033,-78.7836
4024,38.603,-78.7651
4025,38.6026,-78.7466
4026,38.6023,-78.7281
4027,38.6019,-78.7097
4028,38.6015,-78.6912
4029,38.6012,-78.6727
4030,38.6008,-78.6543
4031,38.6004,-78.6358
4032,38.6,-78.6173
4033,38.5997,-78.5989
4034,38.5993,-78.5804
4035,38.5989,-78.562
4036,38.5985,-78.5435
4037,38.5981,-78.525
4038,38.5977,-78.5066
4039,38.5973,-78.4881
4040,38.5969,-78.4696
4041,38.5965,-78.4512
4042,38.5961,-78.4327
4043,38.5957,-78.4142
4044,38.5953,-78.3958
4045,38.5949,-78.3773
4046,38.5945,-78.3589
4047,38.5941,-78.3404
4048,38.5937,-78.3219
4049,38.5932,-78.3035
4050,38.5928,-78.285
4051,38.5924,-78.2666
4052,38.5919,-78.2481
4053,38.5915,-78.2296
4054,38.5911,-78.2112
4055,38.5906,-78.1927
4056,38.5902,-78.1743
4057,38.5897,-78.1558
4058,38.5893,-78.1374
4059,38.5888,-78.1189
4060,38.5884,-78.1004
4061,38.5879,-78.082
4062,38.5875,-78.0635
4063,38.587,-78.0451
4064,38.5865,-78.0266
4065,38.5861,-78.0082
4066,38.5856,-77.9897
4067,38.5851,-77.9713
4068,38.5846,-77.9528
4069,38.5841,-77.9344
4070,38.5837,-77.9159
4071,38.5832,-77.8975
4072,38.5827,-77.879
4073,38.5822,-77.8606
4074,38.5817,-77.8421
4075,38.5812,-77.8237
4076,38.5807,-77.8052
4077,38.5802,-77.7868
4078,38.5797,-77.7683
4079,38.5792,-77.7499
4080,38.5786,-77.7314
4081,38.5781,-77.713
4082,38.5776,-77.6945
4083,38.5771,-77.6761
4084,38.5766,-77.6577
4085,38.576,-77.6392
4086,38.5755,-77.6208
4087,38.575,-77.6023
4088,38.5744,-77.5839
4089,38.5739,-77.5654
4090,38.5733,-77.547
4091,38.5728,-77.5286
4092,38.5722,-77.5101
4093,38.5717,-77.4917
4094,38.5711,-77.4732
4095,38.5706,-77.4548
4096,38.57,-77.4364
4097,38.5695,-77.4179
4098,38.5689,-77.3995
4099,38.5683,-77.381
4100,38.5677,-77.3626
4101,38.5672,-77.3442
4102,38.5666,-77.3257
4103,38.566,-77.3073
4104,38.5654,-77.2889
4105,38.5648,-77.2704
4106,38.5643,-77.252
